"variable","relative_importance","scaled_importance","percentage","model","Importance"
"OTU2419_g__Emergencia",46.5691604614258,1,0.12601857623439,"DRF",1
"OTU2279_g__Lactococcus",28.0701751708984,0.602763178308734,0.0759593575369826,"DRF",0.602763178308734
"OTU1536_g__Phocaeicola",18.9386806488037,0.406678592896065,0.0512490572617674,"DRF",0.406678592896065
"OTU1597_g__Actinomarinicola",17.5,0.375785172560618,0.0473559124160838,"DRF",0.375785172560618
"OTU2270_g__Carnobacterium",16.8378829956055,0.361567243831948,0.0455641892806948,"DRF",0.361567243831948
"OTU2136_g__Bacillus",16.4195804595947,0.352584850078958,0.0444322408087662,"DRF",0.352584850078958
"OTU2418_g__Aminipila",16.1682682037354,0.347188311825545,0.0437521767414768,"DRF",0.347188311825545
"OTU1606_g__Raoultibacter",14.661111831665,0.314824482262444,0.0396737330184422,"DRF",0.314824482262444
"OTU1959_g__Longicatena",12.8530445098877,0.275999059947283,0.0347810085765867,"DRF",0.275999059947283
"OTU2413_g__Christensenella",11.8981475830078,0.255494139578988,0.0321970077059747,"DRF",0.255494139578988
"OTU965_g__Moraxella",10.5691061019897,0.226955049162726,0.0286005521646927,"DRF",0.226955049162726
"OTU2546_g__Faecalicatena",9.5238094329834,0.204508935497606,0.0257719248786191,"DRF",0.204508935497606
"OTU1098_g__Pseudomonas",9.25083637237549,0.198647265287038,0.0250332455443278,"DRF",0.198647265287038
"OTU743_g__Sutterella",8.93676471710205,0.191903066934276,0.0241833512700704,"DRF",0.191903066934276
"OTU1259_g__Salmonella",7.1646614074707,0.153849915619702,0.0193879473201759,"DRF",0.153849915619702
"OTU1507_g__Prevotella",6.37433958053589,0.136878988527523,0.0172492952506419,"DRF",0.136878988527523
"OTU1480_g__Parabacteroides",6.33200931549072,0.135970012187264,0.0171347473464117,"DRF",0.135970012187264
"OTU2323_g__Streptococcus",5.90234708786011,0.126743686795667,0.0159720589566874,"DRF",0.126743686795667
"OTU2345_g__Dialister",4.47258329391479,0.0960417419940291,0.0121030435851582,"DRF",0.0960417419940291
"OTU2393_g__Desulfotomaculum",3.78787875175476,0.0813387811638207,0.0102501973949053,"DRF",0.0813387811638207
"OTU1473_g__Alistipes",3.75478935241699,0.080628237984388,0.0101606557550802,"DRF",0.080628237984388
"OTU2513_g__Acetivibrio",3.54016447067261,0.0760195038002671,0.00957986963495449,"DRF",0.0760195038002671
"OTU1481_g__Hoylesella",3.52941179275513,0.0757886068330266,0.009550772327886,"DRF",0.0757886068330266
"OTU1172_g__Morganella",3.30775785446167,0.0710289346358639,0.00895096521425714,"DRF",0.0710289346358639
"OTU1948_g__Turicibacter",2.77768206596375,0.0596463848272411,0.00751655249345747,"DRF",0.0596463848272411
"OTU2565_g__Qiania",2.63675212860107,0.0566201344940532,0.00713518873514028,"DRF",0.0566201344940532
"OTU2567_g__Lachnoanaerobaculum",2.375,0.0509994162760839,0.00642687382789708,"DRF",0.0509994162760839
"OTU1952_g__Faecalitalea",2.29072690010071,0.0491897830539197,0.0061988264257335,"DRF",0.0491897830539197
"OTU2517_g__Fastidiosipila",2.24074077606201,0.0481164090969186,0.00606356136790515,"DRF",0.0481164090969186
"OTU2438_g__Terrisporobacter",2.19166660308838,0.0470626178649663,0.00593076409720623,"DRF",0.0470626178649663
"OTU2678_g__Massilistercora",2.12083339691162,0.045541585373186,0.00573908574818584,"DRF",0.045541585373186
"OTU2337_g__Phascolarctobacterium",2.00882363319397,0.0431363506082082,0.00543598148759388,"DRF",0.0431363506082082
"OTU1614_g__Adlercreutzia",1.98529410362244,0.0426310907036191,0.00537230935378924,"DRF",0.0426310907036191
"OTU1937_g__Parvimonas",1.92857146263123,0.0414130605645919,0.00521881492985845,"DRF",0.0414130605645919
"OTU1181_g__Sodalis",1.83333325386047,0.0393679687521759,0.00496109537138917,"DRF",0.0393679687521759
"OTU704_g__Oxalobacter",1.82456135749817,0.0391796059757077,0.0049373581624831,"DRF",0.0391796059757077
"OTU2518_g__Ruthenibacterium",1.81818187236786,0.0390426164945339,0.00492009494310649,"DRF",0.0390426164945339
"OTU291_g__Desulfovibrio",1.81103682518005,0.0388891877636526,0.00490076007288737,"DRF",0.0388891877636526
"OTU2242_g__Ligilactobacillus",1.80921053886414,0.0388499711168885,0.00489581804689747,"DRF",0.0388499711168885
"OTU1174_g__Proteus",1.77777779102325,0.0381750019413776,0.00481075939239749,"DRF",0.0381750019413776
"OTU2563_g__Tyzzerella",1.65079367160797,0.0354482162712673,0.00446713374455385,"DRF",0.0354482162712673
"OTU2506_g__Pusillibacter",1.6297619342804,0.0349965925546449,0.00441022076679141,"DRF",0.0349965925546449
"OTU2522_g__Solibaculum",1.61111116409302,0.0345960963893162,0.00435975081024935,"DRF",0.0345960963893162
"OTU999_g__Acinetobacter",1.60000002384186,0.0343575020032232,0.0043296834854164,"DRF",0.0343575020032232
"OTU1609_g__Gordonibacter",1.57828283309937,0.0338911592448975,0.00427091563497498,"DRF",0.0338911592448975
"OTU2411_g__Candidatus_Formimonas",1.55555558204651,0.0334031270186846,0.00420941450867112,"DRF",0.0334031270186846
"OTU1612_g__Eggerthella",1.54347825050354,0.0331437851833734,0.00417673261982719,"DRF",0.0331437851833734
"OTU2521_g__Dysosmobacter",1.51052629947662,0.0324361934917814,0.00408756292229749,"DRF",0.0324361934917814
"OTU2437_g__Clostridioides",1.5,0.032210157648053,0.00405907820709289,"DRF",0.032210157648053
"OTU2370_g__Thermanaeromonas",1.49482405185699,0.0320990122442767,0.00404507182155402,"DRF",0.0320990122442767
"OTU2519_g__Flavonifractor",1.49387264251709,0.0320785822143926,0.0040424972582756,"DRF",0.0320785822143926
"OTU2511_g__Anaerotruncus",1.42857146263123,0.0306763413485743,0.00386578886082749,"DRF",0.0306763413485743
"OTU2332_g__Megamonas",1.38888883590698,0.0298242189067898,0.00375840560393643,"DRF",0.0298242189067898
"OTU2560_g__Lachnoclostridium",1.33333337306976,0.0286312520959915,0.00360806962494476,"DRF",0.0286312520959915
"OTU1449_g__Porphyromonas",1.33333337306976,0.0286312520959915,0.00360806962494476,"DRF",0.0286312520959915
"OTU1923_g__Bifidobacterium",1.33333325386047,0.0286312495361582,0.0036080693023582,"DRF",0.0286312495361582
"OTU1601_g__Berryella",1.28320801258087,0.0275548882536498,0.00347242778602267,"DRF",0.0275548882536498
"OTU2333_g__Acidaminococcus",1.19444441795349,0.0256488286694126,0.00323222887099918,"DRF",0.0256488286694126
"OTU2515_g__Acutalibacter",1.16666674613953,0.0250523465439301,0.00315706104279662,"DRF",0.0250523465439301
"OTU1531_g__Bacteroides",1.02272725105286,0.0219614706582482,0.00276755326436578,"DRF",0.0219614706582482
"OTU1607_g__Denitrobacterium",0.964285731315613,0.020706530282296,0.00260940746492923,"DRF",0.020706530282296
"OTU1456_g__Odoribacter",0.95652174949646,0.0205398108967149,0.00258839772532763,"DRF",0.0205398108967149
"OTU2232_g__Lactobacillus",0.941176474094391,0.020210295070146,0.00254687261001671,"DRF",0.020210295070146
"OTU167_g__Pyramidobacter",0.928571403026581,0.0199396208526399,0.00251276263050324,"DRF",0.0199396208526399
"OTU84_g__Cetobacterium",0.859523832798004,0.018456932104455,0.00232591630545822,"DRF",0.018456932104455
"OTU2433_g__Peptostreptococcus",0.845029234886169,0.0181456832485981,0.00228669316778856,"DRF",0.0181456832485981
"OTU2448_g__Hungatella",0.836601316928864,0.0179647068712316,0.00226388678238078,"DRF",0.0179647068712316
"OTU2439_g__Paeniclostridium",0.833333313465118,0.0178945316000572,0.00225504339462052,"DRF",0.0178945316000572
"OTU1322_g__Haemophilus",0.833333313465118,0.0178945316000572,0.00225504339462052,"DRF",0.0178945316000572
"OTU1232_g__Candidatus_Moranella",0.833333313465118,0.0178945316000572,0.00225504339462052,"DRF",0.0178945316000572
"OTU2577_g__Dorea",0.800000011920929,0.0171787510016116,0.0021648417427082,"DRF",0.0171787510016116
"OTU2498_g__Clostridium",0.75,0.0161050788240265,0.00202953910354645,"DRF",0.0161050788240265
"OTU2562_g__Anaeromicropila",0.75,0.0161050788240265,0.00202953910354645,"DRF",0.0161050788240265
"OTU2251_g__Limosilactobacillus",0.75,0.0161050788240265,0.00202953910354645,"DRF",0.0161050788240265
"OTU2454_g__Sarcina",0.75,0.0161050788240265,0.00202953910354645,"DRF",0.0161050788240265
"OTU2541_g__Faecalibacterium",0.748538017272949,0.0160736850279485,0.0020255829020621,"DRF",0.0160736850279485
"OTU2600_g__Roseburia",0.666666686534882,0.0143156260479958,0.00180403481247238,"DRF",0.0143156260479958
"OTU2445_g__Geosporobacter",0.666666686534882,0.0143156260479958,0.00180403481247238,"DRF",0.0143156260479958
"OTU284_g__Oleidesulfovibrio",0.666666686534882,0.0143156260479958,0.00180403481247238,"DRF",0.0143156260479958
"OTU1844_g__Rothia",0.666666686534882,0.0143156260479958,0.00180403481247238,"DRF",0.0143156260479958
"OTU1942_g__Catenibacterium",0.595238089561462,0.0127818084686004,0.00161074530491369,"DRF",0.0127818084686004
"OTU1615_g__Phoenicibacter",0.533333361148834,0.0114525010943799,0.00144322788223656,"DRF",0.0114525010943799
"OTU2588_g__Lachnospira",0.5,0.0107367192160177,0.00135302606903096,"DRF",0.0107367192160177
"OTU1964_g__Faecalibacillus",0.5,0.0107367192160177,0.00135302606903096,"DRF",0.0107367192160177
"OTU2555_g__Marvinbryantia",0.5,0.0107367192160177,0.00135302606903096,"DRF",0.0107367192160177
"OTU2436_g__Romboutsia",0.5,0.0107367192160177,0.00135302606903096,"DRF",0.0107367192160177
"OTU2529_g__Ruminococcus",0.4375,0.00939462931401545,0.00118389781040209,"DRF",0.00939462931401545
"OTU2422_g__Alkalibacter",0.4375,0.00939462931401545,0.00118389781040209,"DRF",0.00939462931401545
"OTU2551_g__Pseudobutyrivibrio",0.397515535354614,0.00853602537421487,0.00107569776435919,"DRF",0.00853602537421487
"OTU2677_g__Flintibacter",0.266666680574417,0.00572625054718997,0.000721613941118279,"DRF",0.00572625054718997
"OTU2524_g__Vescimonas",0.194444447755814,0.00417539087733557,0.000526176813583891,"DRF",0.00417539087733557
"OTU2544_g__Herbinix",0.1875,0.00402626970600662,0.000507384775886612,"DRF",0.00402626970600662
"OTU2597_g__Blautia",0,0,0,"DRF",0
"OTU2587_g__Anaerostipes",0,0,0,"DRF",0
"OTU2584_g__Mediterraneibacter",0,0,0,"DRF",0
"OTU2575_g__Anaerobutyricum",0,0,0,"DRF",0
"OTU2523_g__Subdoligranulum",0,0,0,"DRF",0
"OTU2579_g__Coprococcus",0,0,0,"DRF",0
"OTU1628_g__Collinsella",0,0,0,"DRF",0
"OTU1298_g__Escherichia",0,0,0,"DRF",0
"OTU2679_g__Intestinimonas",0,0,0,"DRF",0
"OTU2427_g__Eubacterium",0,0,0,"DRF",0
"OTU2566_g__Simiaoa",0,0,0,"DRF",0
"OTU1962_g__Allobaculum",0,0,0,"DRF",0
"OTU740_g__Turicimonas",0,0,0,"DRF",0
"OTU2571_g__Butyrivibrio",0,0,0,"DRF",0
"OTU1484_g__Paraprevotella",0,0,0,"DRF",0
"OTU2341_g__Megasphaera",0,0,0,"DRF",0
"OTU1945_g__Thomasclavelia",0,0,0,"DRF",0
"OTU2564_g__Wujia",0,0,0,"DRF",0
"OTU1455_g__Barnesiella",0,0,0,"DRF",0
"OTU1177_g__Providencia",0,0,0,"DRF",0
"OTU1463_g__Sodaliphilus",0,0,0,"DRF",0
"OTU2561_g__Anaerotignum",0,0,0,"DRF",0
"OTU1257_g__Klebsiella",0,0,0,"DRF",0
"OTU739_g__Ralstonia",0,0,0,"DRF",0
"OTU2330_g__Selenomonas",0,0,0,"DRF",0
"OTU227_g__Akkermansia",0,0,0,"DRF",0
"OTU2547_g__Sellimonas",0,0,0,"DRF",0
"OTU2516_g__Oscillibacter",0,0,0,"DRF",0
"OTU2505_g__Monoglobus",0,0,0,"DRF",0
"OTU918_g__Succinivibrio",0,0,0,"DRF",0
"OTU2265_g__Enterococcus",0,0,0,"DRF",0
"OTU2348_g__Veillonella",0,0,0,"DRF",0
"OTU2396_g__Petrocella",0,0,0,"DRF",0
"OTU2509_g__Caproicibacterium",0,0,0,"DRF",0
"OTU1458_g__Butyricimonas",0,0,0,"DRF",0
"OTU92_g__Fusobacterium",0,0,0,"DRF",0
"OTU2554_g__Enterocloster",0,0,0,"DRF",0
"OTU929_g__Aeromonas",0,0,0,"DRF",0
"OTU1583_g__Rubrobacter",0,0,0,"DRF",0
"OTU1438_g__Spirosoma",0,0,0,"DRF",0
"OTU1293_g__Enterobacter",0,0,0,"DRF",0
"OTU2507_g__Pseudoclostridium",0,0,0,"DRF",0
"OTU2549_g__Anaerocolumna",0,0,0,"DRF",0
"OTU2193_g__Fructilactobacillus",0,0,0,"DRF",0
"OTU2157_g__Staphylococcus",0,0,0,"DRF",0
"OTU1960_g__Amedibacterium",0,0,0,"DRF",0
"OTU1679_g__Cutibacterium",0,0,0,"DRF",0
"OTU207_g__Candidatus_Nanosynbacter",0,0,0,"DRF",0
"OTU205_g__Candidatus_Saccharimonas",0,0,0,"DRF",0
"OTU179_g__Anaeromyxobacter",0,0,0,"DRF",0
"OTU121_g__Leptolyngbya",0,0,0,"DRF",0
"OTU2432_g__Filifactor",0,0,0,"DRF",0
"OTU2272_g__Granulicatella",0,0,0,"DRF",0
"OTU1605_g__Slackia",0,0,0,"DRF",0
"OTU2444_g__Paraclostridium",0,0,0,"DRF",0
"OTU2502_g__Ruminiclostridium",0,0,0,"DRF",0
"OTU1604_g__Xiamenia",0,0,0,"DRF",0
"OTU116_g__Limnospira",0,0,0,"DRF",0
"OTU960_g__Vibrio",0,0,0,"DRF",0
"OTU1951_g__Tannockella",0,0,0,"DRF",0
"OTU66_g__Gemmatirosa",0,0,0,"DRF",0
"OTU2199_g__Lactiplantibacillus",0,0,0,"DRF",0
"OTU2545_g__Anaeropeptidivorans",0,0,0,"DRF",0
"OTU2450_g__Serpentinicella",0,0,0,"DRF",0
"OTU1623_g__Olsenella",0,0,0,"DRF",0
"OTU1721_g__Rhodococcus",0,0,0,"DRF",0
"OTU2542_g__Wansuia",0,0,0,"DRF",0
"OTU1592_g__Thermoleophilum",0,0,0,"DRF",0
"OTU1876_g__Schaalia",0,0,0,"DRF",0
"OTU2386_g__Heliorestis",0,0,0,"DRF",0
"OTU2504_g__Ethanoligenens",0,0,0,"DRF",0
"OTU65_g__Candidatus_Koribacter",0,0,0,"DRF",0
"OTU168_g__Cloacibacillus",0,0,0,"DRF",0
"OTU631_g__Sphaerotilus",0,0,0,"DRF",0
"OTU2371_g__Ammonifex",0,0,0,"DRF",0
"OTU2573_g__Lacrimispora",0,0,0,"DRF",0
"OTU58_g__Paludibaculum",0,0,0,"DRF",0
"OTU1304_g__Frederiksenia",0,0,0,"DRF",0
"OTU845_g__Stenotrophomonas",0,0,0,"DRF",0
"OTU2429_g__Peptacetobacter",0,0,0,"DRF",0
"OTU1228_g__Shigella",0,0,0,"DRF",0
"OTU2101_g__Lysinibacillus",0,0,0,"DRF",0
"OTU2674_g__Gemella",0,0,0,"DRF",0
"OTU32_g__Dissulfurispira",0,0,0,"DRF",0
"OTU1619_g__Atopobium",0,0,0,"DRF",0
"OTU1163_g__Yersinia",0,0,0,"DRF",0
"OTU1569_g__Mesomycoplasma",0,0,0,"DRF",0
"OTU1454_g__Coprobacter",0,0,0,"DRF",0
"OTU169_g__Aminomonas",0,0,0,"DRF",0
"OTU2382_g__Desulfoscipio",0,0,0,"DRF",0
"OTU1235_g__Jejubacter",0,0,0,"DRF",0
"OTU1549_g__Pelolinea",0,0,0,"DRF",0
"OTU2357_g__Halothermothrix",0,0,0,"DRF",0
"OTU69_g__Gemmatimonas",0,0,0,"DRF",0
"OTU917_g__Alteromonas",0,0,0,"DRF",0
"OTU1483_g__Pseudoprevotella",0,0,0,"DRF",0
"OTU1124_g__Buchnera",0,0,0,"DRF",0
"OTU1596_g__Aquihabitans",0,0,0,"DRF",0
"OTU611_g__Conchiformibius",0,0,0,"DRF",0
"OTU1837_g__Arthrobacter",0,0,0,"DRF",0
"OTU2095_g__Anoxybacillus",0,0,0,"DRF",0
"OTU2447_g__Caloramator",0,0,0,"DRF",0
"OTU2451_g__Alkaliphilus",0,0,0,"DRF",0
"OTU2419_g__Emergencia",20.5971240997314,1,0.307594267380136,"GBM",1
"OTU2270_g__Carnobacterium",9.34476280212402,0.453692600815366,0.139553243163591,"GBM",0.453692600815366
"OTU2279_g__Lactococcus",6.92307758331299,0.336118651797765,0.103388170452532,"GBM",0.336118651797765
"OTU743_g__Sutterella",4.80250453948975,0.233163839584399,0.0717198604165028,"GBM",0.233163839584399
"OTU1473_g__Alistipes",4.61237812042236,0.223933113093323,0.0688805418640937,"GBM",0.223933113093323
"OTU1959_g__Longicatena",3.23443865776062,0.157033508275206,0.0483026069320444,"GBM",0.157033508275206
"OTU2565_g__Qiania",2.56068205833435,0.124322310529155,0.0382408300262211,"GBM",0.124322310529155
"OTU2513_g__Acetivibrio",2.24857687950134,0.109169458251245,0.033579899531078,"GBM",0.109169458251245
"OTU2544_g__Herbinix",2.22219562530518,0.107888636032161,0.0331859259589546,"GBM",0.107888636032161
"OTU1484_g__Paraprevotella",2.1052405834198,0.102210414095978,0.0314393374424727,"GBM",0.102210414095978
"OTU2345_g__Dialister",1.84292101860046,0.0894746766430607,0.0275218976110968,"GBM",0.0894746766430607
"OTU2511_g__Anaerotruncus",1.57426130771637,0.0764311221359731,0.0235097750184563,"GBM",0.0764311221359731
"OTU1481_g__Hoylesella",1.43770289421082,0.0698011473470493,0.0214704327805085,"GBM",0.0698011473470493
"OTU2427_g__Eubacterium",0.472426801919937,0.0229365419964672,0.00705514883163705,"GBM",0.0229365419964672
"OTU2411_g__Candidatus_Formimonas",0.418822914361954,0.0203340482066336,0.00625463666099182,"GBM",0.0203340482066336
"OTU2551_g__Pseudobutyrivibrio",0.418128699064255,0.0203003437295261,0.00624426935704852,"GBM",0.0203003437295261
"OTU2579_g__Coprococcus",0.297880828380585,0.0144622534164597,0.00444850624430177,"GBM",0.0144622534164597
"OTU1952_g__Faecalitalea",0.238686755299568,0.0115883535072103,0.00356451110719237,"GBM",0.0115883535072103
"OTU2555_g__Marvinbryantia",0.227425679564476,0.0110416230180135,0.00339633994291352,"GBM",0.0110416230180135
"OTU918_g__Succinivibrio",0.192582413554192,0.00934996617108806,0.00287599599442488,"GBM",0.00934996617108806
"OTU2575_g__Anaerobutyricum",0.0959686115384102,0.00465932093595831,0.00143318040978502,"GBM",0.00465932093595831
"OTU2567_g__Lachnoanaerobaculum",0.0929506421089172,0.00451279710987075,0.00138811052084589,"GBM",0.00451279710987075
"OTU2571_g__Butyrivibrio",0.0905110463500023,0.00439435359576158,0.00135167797489755,"GBM",0.00439435359576158
"OTU2136_g__Bacillus",0.0825024098157883,0.00400553054961998,0.00123207823487911,"GBM",0.00400553054961998
"OTU2587_g__Anaerostipes",0.0735617876052856,0.0035714591633812,0.00109856036483831,"GBM",0.0035714591633812
"OTU1962_g__Allobaculum",0.0723205134272575,0.00351119472199522,0.00108002336814112,"GBM",0.00351119472199522
"OTU2563_g__Tyzzerella",0.069481797516346,0.00337337373799927,0.00103763042353928,"GBM",0.00337337373799927
"OTU2679_g__Intestinimonas",0.068891316652298,0.00334470561612027,0.00102881227359274,"GBM",0.00334470561612027
"OTU1455_g__Barnesiella",0.065725676715374,0.00319101231789107,0.000981537096122692,"GBM",0.00319101231789107
"OTU2242_g__Ligilactobacillus",0.0571777857840061,0.00277600821877612,0.000853884214295675,"GBM",0.00277600821877612
"OTU2588_g__Lachnospira",0.0547983981668949,0.00266048783808655,0.000818350807429994,"GBM",0.00266048783808655
"OTU2439_g__Paeniclostridium",0.0406703464686871,0.00197456432615354,0.000607364667298149,"GBM",0.00197456432615354
"OTU704_g__Oxalobacter",0.0363952852785587,0.00176700810765292,0.000543521564328259,"GBM",0.00176700810765292
"OTU1948_g__Turicibacter",0.0336523838341236,0.00163383896077814,0.000502559498157674,"GBM",0.00163383896077814
"OTU2413_g__Christensenella",0.0330930352210999,0.00160668232423435,0.000494206272435478,"GBM",0.00160668232423435
"OTU2546_g__Faecalicatena",0.0325696095824242,0.00158126976488183,0.000486389514859185,"GBM",0.00158126976488183
"OTU2509_g__Caproicibacterium",0.0287654064595699,0.00139657392557755,0.000429578133480227,"GBM",0.00139657392557755
"OTU1181_g__Sodalis",0.028249628841877,0.00137153268121763,0.000421875590267051,"GBM",0.00137153268121763
"OTU2438_g__Terrisporobacter",0.0281705427914858,0.00136769301651453,0.000420694531415714,"GBM",0.00136769301651453
"OTU227_g__Akkermansia",0.0224751103669405,0.00109117711084887,0.00033563982399353,"GBM",0.00109117711084887
"OTU1507_g__Prevotella",0.0126315383240581,0.00061326708830301,0.000188637440734913,"GBM",0.00061326708830301
"OTU2529_g__Ruminococcus",0.0107715427875519,0.000522963435836769,0.00016086055491281,"GBM",0.000522963435836769
"OTU2265_g__Enterococcus",0.00957970693707466,0.000465099248355724,0.000143061862557031,"GBM",0.000465099248355724
"OTU2524_g__Vescimonas",0.00918185617774725,0.000445783408076226,0.000137120420817427,"GBM",0.000445783408076226
"OTU2396_g__Petrocella",0.0065002329647541,0.000315589347973043,9.7073474282743e-05,"GBM",0.000315589347973043
"OTU2584_g__Mediterraneibacter",0.00629715342074633,0.000305729741213164,9.40407157647818e-05,"GBM",0.000305729741213164
"OTU1456_g__Odoribacter",0.00504691386595368,0.000245030026595775,7.53698315168627e-05,"GBM",0.000245030026595775
"OTU2560_g__Lachnoclostridium",0.00462313136085868,0.000224455187941454,6.90411290945223e-05,"GBM",0.000224455187941454
"OTU1844_g__Rothia",0.00436336174607277,0.000211843251754242,6.51617698227717e-05,"GBM",0.000211843251754242
"OTU2444_g__Paraclostridium",0.00409991573542356,0.0001990528248299,6.12275078234997e-05,"GBM",0.0001990528248299
"OTU2251_g__Limosilactobacillus",0.00346141797490418,0.0001680534601891,5.16922809675632e-05,"GBM",0.0001680534601891
"OTU999_g__Acinetobacter",0.00344716664403677,0.000167361551415895,5.14794537953751e-05,"GBM",0.000167361551415895
"OTU2337_g__Phascolarctobacterium",0.000848187133669853,4.11798816943047e-05,1.26666955405603e-05,"GBM",4.11798816943047e-05
"OTU2432_g__Filifactor",0.000565686437766999,2.74643408967165e-05,8.44787381720381e-06,"GBM",2.74643408967165e-05
"OTU1597_g__Actinomarinicola",0.000295485398964956,1.43459541989558e-05,4.4127332716968e-06,"GBM",1.43459541989558e-05
"OTU2561_g__Anaerotignum",0.000208707002457231,1.01328224972899e-05,3.11679811254685e-06,"GBM",1.01328224972899e-05
"OTU2518_g__Ruthenibacterium",0.000121429249702487,5.89544681648398e-06,1.81340564439494e-06,"GBM",5.89544681648398e-06
"OTU2577_g__Dorea",9.24095802474767e-05,4.48652830366165e-06,1.38003038664505e-06,"GBM",4.48652830366165e-06
"OTU1531_g__Bacteroides",4.33473906014115e-05,2.10453606976989e-06,6.47343230555939e-07,"GBM",2.10453606976989e-06
"OTU2521_g__Dysosmobacter",4.28763960371725e-05,2.08166906358211e-06,6.40309470540433e-07,"GBM",2.08166906358211e-06
"OTU2437_g__Clostridioides",1.58276470756391e-05,7.68439661721778e-07,2.3636763477315e-07,"GBM",7.68439661721778e-07
"OTU1536_g__Phocaeicola",0,0,0,"GBM",0
"OTU2597_g__Blautia",0,0,0,"GBM",0
"OTU2541_g__Faecalibacterium",0,0,0,"GBM",0
"OTU2600_g__Roseburia",0,0,0,"GBM",0
"OTU2332_g__Megamonas",0,0,0,"GBM",0
"OTU2523_g__Subdoligranulum",0,0,0,"GBM",0
"OTU2498_g__Clostridium",0,0,0,"GBM",0
"OTU1480_g__Parabacteroides",0,0,0,"GBM",0
"OTU1964_g__Faecalibacillus",0,0,0,"GBM",0
"OTU1923_g__Bifidobacterium",0,0,0,"GBM",0
"OTU2522_g__Solibaculum",0,0,0,"GBM",0
"OTU1628_g__Collinsella",0,0,0,"GBM",0
"OTU1298_g__Escherichia",0,0,0,"GBM",0
"OTU2323_g__Streptococcus",0,0,0,"GBM",0
"OTU2566_g__Simiaoa",0,0,0,"GBM",0
"OTU740_g__Turicimonas",0,0,0,"GBM",0
"OTU1942_g__Catenibacterium",0,0,0,"GBM",0
"OTU2341_g__Megasphaera",0,0,0,"GBM",0
"OTU1945_g__Thomasclavelia",0,0,0,"GBM",0
"OTU2564_g__Wujia",0,0,0,"GBM",0
"OTU2519_g__Flavonifractor",0,0,0,"GBM",0
"OTU1177_g__Providencia",0,0,0,"GBM",0
"OTU1322_g__Haemophilus",0,0,0,"GBM",0
"OTU291_g__Desulfovibrio",0,0,0,"GBM",0
"OTU1463_g__Sodaliphilus",0,0,0,"GBM",0
"OTU2562_g__Anaeromicropila",0,0,0,"GBM",0
"OTU1257_g__Klebsiella",0,0,0,"GBM",0
"OTU739_g__Ralstonia",0,0,0,"GBM",0
"OTU1259_g__Salmonella",0,0,0,"GBM",0
"OTU2330_g__Selenomonas",0,0,0,"GBM",0
"OTU2515_g__Acutalibacter",0,0,0,"GBM",0
"OTU2547_g__Sellimonas",0,0,0,"GBM",0
"OTU2516_g__Oscillibacter",0,0,0,"GBM",0
"OTU2505_g__Monoglobus",0,0,0,"GBM",0
"OTU1614_g__Adlercreutzia",0,0,0,"GBM",0
"OTU2348_g__Veillonella",0,0,0,"GBM",0
"OTU2454_g__Sarcina",0,0,0,"GBM",0
"OTU1612_g__Eggerthella",0,0,0,"GBM",0
"OTU1098_g__Pseudomonas",0,0,0,"GBM",0
"OTU1458_g__Butyricimonas",0,0,0,"GBM",0
"OTU2448_g__Hungatella",0,0,0,"GBM",0
"OTU2678_g__Massilistercora",0,0,0,"GBM",0
"OTU92_g__Fusobacterium",0,0,0,"GBM",0
"OTU2554_g__Enterocloster",0,0,0,"GBM",0
"OTU2517_g__Fastidiosipila",0,0,0,"GBM",0
"OTU929_g__Aeromonas",0,0,0,"GBM",0
"OTU1606_g__Raoultibacter",0,0,0,"GBM",0
"OTU1583_g__Rubrobacter",0,0,0,"GBM",0
"OTU1438_g__Spirosoma",0,0,0,"GBM",0
"OTU1293_g__Enterobacter",0,0,0,"GBM",0
"OTU2507_g__Pseudoclostridium",0,0,0,"GBM",0
"OTU2549_g__Anaerocolumna",0,0,0,"GBM",0
"OTU2193_g__Fructilactobacillus",0,0,0,"GBM",0
"OTU1607_g__Denitrobacterium",0,0,0,"GBM",0
"OTU2157_g__Staphylococcus",0,0,0,"GBM",0
"OTU2333_g__Acidaminococcus",0,0,0,"GBM",0
"OTU1960_g__Amedibacterium",0,0,0,"GBM",0
"OTU2677_g__Flintibacter",0,0,0,"GBM",0
"OTU1679_g__Cutibacterium",0,0,0,"GBM",0
"OTU1615_g__Phoenicibacter",0,0,0,"GBM",0
"OTU207_g__Candidatus_Nanosynbacter",0,0,0,"GBM",0
"OTU2418_g__Aminipila",0,0,0,"GBM",0
"OTU205_g__Candidatus_Saccharimonas",0,0,0,"GBM",0
"OTU2506_g__Pusillibacter",0,0,0,"GBM",0
"OTU1449_g__Porphyromonas",0,0,0,"GBM",0
"OTU179_g__Anaeromyxobacter",0,0,0,"GBM",0
"OTU121_g__Leptolyngbya",0,0,0,"GBM",0
"OTU2272_g__Granulicatella",0,0,0,"GBM",0
"OTU1605_g__Slackia",0,0,0,"GBM",0
"OTU2433_g__Peptostreptococcus",0,0,0,"GBM",0
"OTU2502_g__Ruminiclostridium",0,0,0,"GBM",0
"OTU1174_g__Proteus",0,0,0,"GBM",0
"OTU2232_g__Lactobacillus",0,0,0,"GBM",0
"OTU965_g__Moraxella",0,0,0,"GBM",0
"OTU1604_g__Xiamenia",0,0,0,"GBM",0
"OTU116_g__Limnospira",0,0,0,"GBM",0
"OTU960_g__Vibrio",0,0,0,"GBM",0
"OTU1951_g__Tannockella",0,0,0,"GBM",0
"OTU2370_g__Thermanaeromonas",0,0,0,"GBM",0
"OTU2436_g__Romboutsia",0,0,0,"GBM",0
"OTU66_g__Gemmatirosa",0,0,0,"GBM",0
"OTU167_g__Pyramidobacter",0,0,0,"GBM",0
"OTU2199_g__Lactiplantibacillus",0,0,0,"GBM",0
"OTU2545_g__Anaeropeptidivorans",0,0,0,"GBM",0
"OTU84_g__Cetobacterium",0,0,0,"GBM",0
"OTU2445_g__Geosporobacter",0,0,0,"GBM",0
"OTU2450_g__Serpentinicella",0,0,0,"GBM",0
"OTU1623_g__Olsenella",0,0,0,"GBM",0
"OTU1721_g__Rhodococcus",0,0,0,"GBM",0
"OTU2542_g__Wansuia",0,0,0,"GBM",0
"OTU1592_g__Thermoleophilum",0,0,0,"GBM",0
"OTU1876_g__Schaalia",0,0,0,"GBM",0
"OTU1937_g__Parvimonas",0,0,0,"GBM",0
"OTU2386_g__Heliorestis",0,0,0,"GBM",0
"OTU2393_g__Desulfotomaculum",0,0,0,"GBM",0
"OTU2504_g__Ethanoligenens",0,0,0,"GBM",0
"OTU65_g__Candidatus_Koribacter",0,0,0,"GBM",0
"OTU168_g__Cloacibacillus",0,0,0,"GBM",0
"OTU631_g__Sphaerotilus",0,0,0,"GBM",0
"OTU2371_g__Ammonifex",0,0,0,"GBM",0
"OTU1172_g__Morganella",0,0,0,"GBM",0
"OTU2573_g__Lacrimispora",0,0,0,"GBM",0
"OTU58_g__Paludibaculum",0,0,0,"GBM",0
"OTU1304_g__Frederiksenia",0,0,0,"GBM",0
"OTU1609_g__Gordonibacter",0,0,0,"GBM",0
"OTU284_g__Oleidesulfovibrio",0,0,0,"GBM",0
"OTU845_g__Stenotrophomonas",0,0,0,"GBM",0
"OTU2429_g__Peptacetobacter",0,0,0,"GBM",0
"OTU1228_g__Shigella",0,0,0,"GBM",0
"OTU2101_g__Lysinibacillus",0,0,0,"GBM",0
"OTU2674_g__Gemella",0,0,0,"GBM",0
"OTU32_g__Dissulfurispira",0,0,0,"GBM",0
"OTU1619_g__Atopobium",0,0,0,"GBM",0
"OTU1163_g__Yersinia",0,0,0,"GBM",0
"OTU1569_g__Mesomycoplasma",0,0,0,"GBM",0
"OTU2422_g__Alkalibacter",0,0,0,"GBM",0
"OTU1454_g__Coprobacter",0,0,0,"GBM",0
"OTU169_g__Aminomonas",0,0,0,"GBM",0
"OTU2382_g__Desulfoscipio",0,0,0,"GBM",0
"OTU1235_g__Jejubacter",0,0,0,"GBM",0
"OTU1549_g__Pelolinea",0,0,0,"GBM",0
"OTU1601_g__Berryella",0,0,0,"GBM",0
"OTU2357_g__Halothermothrix",0,0,0,"GBM",0
"OTU69_g__Gemmatimonas",0,0,0,"GBM",0
"OTU917_g__Alteromonas",0,0,0,"GBM",0
"OTU1232_g__Candidatus_Moranella",0,0,0,"GBM",0
"OTU1483_g__Pseudoprevotella",0,0,0,"GBM",0
"OTU1124_g__Buchnera",0,0,0,"GBM",0
"OTU1596_g__Aquihabitans",0,0,0,"GBM",0
"OTU611_g__Conchiformibius",0,0,0,"GBM",0
"OTU1837_g__Arthrobacter",0,0,0,"GBM",0
"OTU2095_g__Anoxybacillus",0,0,0,"GBM",0
"OTU2447_g__Caloramator",0,0,0,"GBM",0
"OTU2451_g__Alkaliphilus",0,0,0,"GBM",0
"OTU2564_g__Wujia",0.394172430038452,1,0.0167647397149286,"GLM",1
"OTU1484_g__Paraprevotella",0.323234677314758,0.820033702720472,0.0137476515835779,"GLM",0.820033702720472
"OTU1837_g__Arthrobacter",0.322204858064651,0.817421091660875,0.0137038518391874,"GLM",0.817421091660875
"OTU2571_g__Butyrivibrio",0.304761081933975,0.773166915565975,0.0129619420956578,"GLM",0.773166915565975
"OTU2433_g__Peptostreptococcus",0.295383244752884,0.749375710330803,0.0125630887323857,"GLM",0.749375710330803
"OTU2357_g__Halothermothrix",0.295375138521194,0.749355145138842,0.0125627439622953,"GLM",0.749355145138842
"OTU2418_g__Aminipila",0.291415840387344,0.739310561012388,0.0123943491238705,"GLM",0.739310561012388
"OTU1844_g__Rothia",0.288180023431778,0.731101420268448,0.0122567250160152,"GLM",0.731101420268448
"OTU2436_g__Romboutsia",0.281700074672699,0.714662044337344,0.0119811231574544,"GLM",0.714662044337344
"OTU2546_g__Faecalicatena",0.271905124187469,0.689812639004064,0.0115645293449712,"GLM",0.689812639004064
"OTU2511_g__Anaerotruncus",0.267664879560471,0.679055304640052,0.011384185434332,"GLM",0.679055304640052
"OTU1937_g__Parvimonas",0.260072112083435,0.659792751253721,0.0110612537405653,"GLM",0.659792751253721
"OTU2323_g__Streptococcus",0.252542078495026,0.640689351283117,0.0107409902123879,"GLM",0.640689351283117
"OTU2575_g__Anaerobutyricum",0.251944601535797,0.639173575663878,0.0107155786286651,"GLM",0.639173575663878
"OTU1172_g__Morganella",0.249330565333366,0.632541868311398,0.0106043997810352,"GLM",0.632541868311398
"OTU2517_g__Fastidiosipila",0.242894798517227,0.616214580237213,0.0103306770462209,"GLM",0.616214580237213
"OTU1959_g__Longicatena",0.242262735962868,0.614611062319185,0.0103037944856969,"GLM",0.614611062319185
"OTU84_g__Cetobacterium",0.241042122244835,0.611514413175272,0.0102518799688108,"GLM",0.611514413175272
"OTU2565_g__Qiania",0.235485643148422,0.597417843570263,0.0100155546485094,"GLM",0.597417843570263
"OTU2555_g__Marvinbryantia",0.232491552829742,0.589821953826305,0.00988821153404866,"GLM",0.589821953826305
"OTU1304_g__Frederiksenia",0.23205828666687,0.588722774558922,0.00986978407973093,"GLM",0.588722774558922
"OTU2544_g__Herbinix",0.22955434024334,0.58237036065903,0.00976328751413774,"GLM",0.58237036065903
"OTU1174_g__Proteus",0.227932259440422,0.578255205261786,0.00969429800501647,"GLM",0.578255205261786
"OTU1098_g__Pseudomonas",0.224827513098717,0.570378585526097,0.00956224852531417,"GLM",0.570378585526097
"OTU2450_g__Serpentinicella",0.219216912984848,0.556144713021819,0.00932362135764447,"GLM",0.556144713021819
"OTU1614_g__Adlercreutzia",0.217905551195145,0.552817839578196,0.00926784719029762,"GLM",0.552817839578196
"OTU2451_g__Alkaliphilus",0.217748582363129,0.552419615805923,0.00926117107240716,"GLM",0.552419615805923
"OTU2419_g__Emergencia",0.217738315463066,0.552393569083016,0.00926073440587721,"GLM",0.552393569083016
"OTU2270_g__Carnobacterium",0.211948052048683,0.537703897829707,0.00901446589081761,"GLM",0.537703897829707
"OTU2542_g__Wansuia",0.211797714233398,0.537322496686887,0.00900807179993126,"GLM",0.537322496686887
"OTU2566_g__Simiaoa",0.210946217179298,0.535162282046769,0.0089718563637613,"GLM",0.535162282046769
"OTU2529_g__Ruminococcus",0.206619039177895,0.52418440112044,0.00878781504740992,"GLM",0.52418440112044
"OTU1456_g__Odoribacter",0.206249579787254,0.523247097132426,0.0087721013900171,"GLM",0.523247097132426
"OTU2279_g__Lactococcus",0.205741658806801,0.521958521519961,0.00875049875527112,"GLM",0.521958521519961
"OTU1454_g__Coprobacter",0.204473957419395,0.518742412805098,0.00869658152977153,"GLM",0.518742412805098
"OTU2386_g__Heliorestis",0.200806140899658,0.509437306105019,0.00854058383792507,"GLM",0.509437306105019
"OTU2422_g__Alkalibacter",0.199320659041405,0.505668696874514,0.00847740408508837,"GLM",0.505668696874514
"OTU69_g__Gemmatimonas",0.194130152463913,0.492500585200683,0.00825664412033948,"GLM",0.492500585200683
"OTU704_g__Oxalobacter",0.193959802389145,0.49206841374021,0.00824939887829242,"GLM",0.49206841374021
"OTU2522_g__Solibaculum",0.190929070115089,0.484379564792149,0.00812049732697079,"GLM",0.484379564792149
"OTU2551_g__Pseudobutyrivibrio",0.190032064914703,0.482103897769221,0.00808234636165355,"GLM",0.482103897769221
"OTU2370_g__Thermanaeromonas",0.188552677631378,0.478350750236348,0.00801942582015321,"GLM",0.478350750236348
"OTU2432_g__Filifactor",0.184017151594162,0.466844298512229,0.00782652315195597,"GLM",0.466844298512229
"OTU1480_g__Parabacteroides",0.183174252510071,0.464705896584908,0.00779067340023852,"GLM",0.464705896584908
"OTU32_g__Dissulfurispira",0.182209596037865,0.462258600937894,0.00774964512571085,"GLM",0.462258600937894
"OTU2523_g__Subdoligranulum",0.178699031472206,0.45335243627966,0.00760033559335726,"GLM",0.45335243627966
"OTU2371_g__Ammonifex",0.176713451743126,0.448315098359079,0.00751588593426259,"GLM",0.448315098359079
"OTU1628_g__Collinsella",0.175924107432365,0.446312562791882,0.00748231394670864,"GLM",0.446312562791882
"OTU2513_g__Acetivibrio",0.175174340605736,0.444410433750141,0.00745042524841965,"GLM",0.444410433750141
"OTU2454_g__Sarcina",0.174475714564323,0.442638046875331,0.0074207116437893,"GLM",0.442638046875331
"OTU2600_g__Roseburia",0.167663425207138,0.42535553587749,0.0071309748452901,"GLM",0.42535553587749
"OTU743_g__Sutterella",0.167194947600365,0.424167026557526,0.00711104979589214,"GLM",0.424167026557526
"OTU1473_g__Alistipes",0.167083486914635,0.423884255168063,0.00710630920714896,"GLM",0.423884255168063
"OTU2193_g__Fructilactobacillus",0.166017189621925,0.421179100744641,0.00706095799735161,"GLM",0.421179100744641
"OTU1623_g__Olsenella",0.165279775857925,0.419308310938444,0.00702959469318938,"GLM",0.419308310938444
"OTU2562_g__Anaeromicropila",0.164910569787025,0.418371649612679,0.00701389180986188,"GLM",0.418371649612679
"OTU2444_g__Paraclostridium",0.162043824791908,0.411098829961549,0.00689196488141707,"GLM",0.411098829961549
"OTU965_g__Moraxella",0.161349594593048,0.409337595166938,0.00686243823850854,"GLM",0.409337595166938
"OTU2242_g__Ligilactobacillus",0.158520892262459,0.40216128826411,0.00674212932116819,"GLM",0.40216128826411
"OTU1948_g__Turicibacter",0.158416047692299,0.401895301700439,0.00673767012566057,"GLM",0.401895301700439
"OTU1942_g__Catenibacterium",0.157041072845459,0.398407044425049,0.00667919040037995,"GLM",0.398407044425049
"OTU1960_g__Amedibacterium",0.156391069293022,0.396758010898342,0.00665154478252352,"GLM",0.396758010898342
"OTU1463_g__Sodaliphilus",0.152545914053917,0.387003002820456,0.00648800461118073,"GLM",0.387003002820456
"OTU2584_g__Mediterraneibacter",0.150736451148987,0.382412466377423,0.0064110454625614,"GLM",0.382412466377423
"OTU845_g__Stenotrophomonas",0.149986162781715,0.380509014207523,0.00637913458237321,"GLM",0.380509014207523
"OTU611_g__Conchiformibius",0.149617314338684,0.379573260169639,0.00636344690949088,"GLM",0.379573260169639
"OTU2232_g__Lactobacillus",0.148000910878181,0.3754725079675,0.0062946988661866,"GLM",0.3754725079675
"OTU1601_g__Berryella",0.147261679172516,0.373597106114576,0.00626325824226144,"GLM",0.373597106114576
"OTU2341_g__Megasphaera",0.145913198590279,0.370176063749676,0.00620590535746014,"GLM",0.370176063749676
"OTU1259_g__Salmonella",0.142619177699089,0.361819261903163,0.00606580574965412,"GLM",0.361819261903163
"OTU2427_g__Eubacterium",0.142059579491615,0.360399583191948,0.00604200520558177,"GLM",0.360399583191948
"OTU2518_g__Ruthenibacterium",0.140964925289154,0.357622488400324,0.00599544793423652,"GLM",0.357622488400324
"OTU58_g__Paludibaculum",0.140337720513344,0.356031294476008,0.00596877198225938,"GLM",0.356031294476008
"OTU1298_g__Escherichia",0.140127524733543,0.355498036024168,0.00595983204311349,"GLM",0.355498036024168
"OTU2524_g__Vescimonas",0.138142496347427,0.35046209683907,0.00587540583345511,"GLM",0.35046209683907
"OTU2445_g__Geosporobacter",0.133705422282219,0.339205413907755,0.00568669047405815,"GLM",0.339205413907755
"OTU1876_g__Schaalia",0.133096471428871,0.337660529469013,0.00566079088855299,"GLM",0.337660529469013
"OTU1597_g__Actinomarinicola",0.131998896598816,0.334876025159698,0.00561410939857222,"GLM",0.334876025159698
"OTU1549_g__Pelolinea",0.129787802696228,0.329266566623056,0.00552006828626374,"GLM",0.329266566623056
"OTU2509_g__Caproicibacterium",0.129474923014641,0.32847280313849,0.00550676104804978,"GLM",0.32847280313849
"OTU2438_g__Terrisporobacter",0.128514036536217,0.326035071817884,0.00546589311696489,"GLM",0.326035071817884
"OTU2567_g__Lachnoanaerobaculum",0.127949222922325,0.324602161825076,0.00544187075390054,"GLM",0.324602161825076
"OTU1449_g__Porphyromonas",0.12718877196312,0.322672927557902,0.00540952764356224,"GLM",0.322672927557902
"OTU2678_g__Massilistercora",0.126949951052666,0.322067048271949,0.00539937023503458,"GLM",0.322067048271949
"OTU2448_g__Hungatella",0.124671801924706,0.31628747325769,0.00530247716425762,"GLM",0.31628747325769
"OTU66_g__Gemmatirosa",0.123887747526169,0.314298357990394,0.00526913016453841,"GLM",0.314298357990394
"OTU1531_g__Bacteroides",0.123633429408073,0.313653162896281,0.00525831363672025,"GLM",0.313653162896281
"OTU2447_g__Caloramator",0.123265616595745,0.312720036212884,0.00524267001075205,"GLM",0.312720036212884
"OTU2101_g__Lysinibacillus",0.12171246111393,0.3087797416528,0.0051766119980521,"GLM",0.3087797416528
"OTU1607_g__Denitrobacterium",0.118616364896297,0.300925066942724,0.00504493042099224,"GLM",0.300925066942724
"OTU168_g__Cloacibacillus",0.117330126464367,0.297661930472715,0.00499022478741825,"GLM",0.297661930472715
"OTU2573_g__Lacrimispora",0.117295667529106,0.29757450950505,0.00498875919764972,"GLM",0.29757450950505
"OTU1181_g__Sodalis",0.115897864103317,0.294028337019946,0.00492930853895271,"GLM",0.294028337019946
"OTU1177_g__Providencia",0.111829154193401,0.283706179507512,0.00475626025496026,"GLM",0.283706179507512
"OTU2498_g__Clostridium",0.111771181225777,0.283559104361696,0.00475379457842211,"GLM",0.283559104361696
"OTU2332_g__Megamonas",0.109271220862865,0.277216802941306,0.00464746754591566,"GLM",0.277216802941306
"OTU2563_g__Tyzzerella",0.108580701053143,0.275464981258457,0.00461809871137572,"GLM",0.275464981258457
"OTU1507_g__Prevotella",0.106711179018021,0.270722077156971,0.00453858515862144,"GLM",0.270722077156971
"OTU740_g__Turicimonas",0.106016017496586,0.268958479633504,0.00450901890517863,"GLM",0.268958479633504
"OTU2588_g__Lachnospira",0.104380220174789,0.264808525965672,0.00443944601210841,"GLM",0.264808525965672
"OTU121_g__Leptolyngbya",0.103461794555187,0.26247851617906,0.00440038400450262,"GLM",0.26247851617906
"OTU1596_g__Aquihabitans",0.102569326758385,0.260214360371117,0.00436242602170842,"GLM",0.260214360371117
"OTU2330_g__Selenomonas",0.100069589912891,0.253872626005653,0.00425610849573019,"GLM",0.253872626005653
"OTU1962_g__Allobaculum",0.0977107211947441,0.247888268556003,0.00415578230072572,"GLM",0.247888268556003
"OTU1951_g__Tannockella",0.09763153642416,0.247687379897767,0.0041524144546587,"GLM",0.247687379897767
"OTU1964_g__Faecalibacillus",0.0967772603034973,0.245520114874743,0.00411608082065444,"GLM",0.245520114874743
"OTU2554_g__Enterocloster",0.0966203138232231,0.245121947807962,0.00410940565341681,"GLM",0.245121947807962
"OTU2541_g__Faecalibacterium",0.0959938615560532,0.243532662968561,0.00408276170675137,"GLM",0.243532662968561
"OTU1609_g__Gordonibacter",0.0943406000733376,0.239338403409225,0.00401244603694224,"GLM",0.239338403409225
"OTU1481_g__Hoylesella",0.0915765687823296,0.232326164398145,0.00389488767510261,"GLM",0.232326164398145
"OTU1592_g__Thermoleophilum",0.0879178568720818,0.22304415573536,0.00373927721583931,"GLM",0.22304415573536
"OTU2679_g__Intestinimonas",0.0868561565876007,0.220350663741571,0.00369412152363919,"GLM",0.220350663741571
"OTU1923_g__Bifidobacterium",0.0860807821154594,0.218383569107211,0.00366114369409951,"GLM",0.218383569107211
"OTU2677_g__Flintibacter",0.0856911912560463,0.217395192372249,0.0036445738153976,"GLM",0.217395192372249
"OTU918_g__Succinivibrio",0.0833094641566277,0.211352844105562,0.00354327541943964,"GLM",0.211352844105562
"OTU179_g__Anaeromyxobacter",0.081387385725975,0.206476606489286,0.00346152656501462,"GLM",0.206476606489286
"OTU2429_g__Peptacetobacter",0.0810749381780624,0.205683939310909,0.00344823770608856,"GLM",0.205683939310909
"OTU1606_g__Raoultibacter",0.0807978212833405,0.204980904614406,0.00343645151239112,"GLM",0.204980904614406
"OTU2157_g__Staphylococcus",0.0804306119680405,0.204049308979307,0.00342083355404913,"GLM",0.204049308979307
"OTU2413_g__Christensenella",0.0790523886680603,0.200552810505668,0.00336221566722492,"GLM",0.200552810505668
"OTU2674_g__Gemella",0.078790582716465,0.199888619071554,0.00335108067071112,"GLM",0.199888619071554
"OTU2579_g__Coprococcus",0.0776157379150391,0.196908083874531,0.00330111277392184,"GLM",0.196908083874531
"OTU1952_g__Faecalitalea",0.0764878392219543,0.19404664911367,0.00325314156494477,"GLM",0.19404664911367
"OTU1235_g__Jejubacter",0.0746692344546318,0.18943292012419,0.0031757935993209,"GLM",0.18943292012419
"OTU2382_g__Desulfoscipio",0.074080727994442,0.18793990230929,0.00315076354426435,"GLM",0.18793990230929
"OTU65_g__Candidatus_Koribacter",0.07270747423172,0.184456011356825,0.00309235701925109,"GLM",0.184456011356825
"OTU2560_g__Lachnoclostridium",0.0719664469361305,0.182576054162667,0.00306084002621582,"GLM",0.182576054162667
"OTU1124_g__Buchnera",0.0717263147234917,0.181966848154486,0.00305062684605589,"GLM",0.181966848154486
"OTU1455_g__Barnesiella",0.0716288015246391,0.181719460992367,0.00304647946467416,"GLM",0.181719460992367
"OTU917_g__Alteromonas",0.0699361115694046,0.177425172944192,0.00297448684328557,"GLM",0.177425172944192
"OTU999_g__Acinetobacter",0.069774903357029,0.177016194030167,0.00296763041824305,"GLM",0.177016194030167
"OTU2337_g__Phascolarctobacterium",0.0691374540328979,0.175399010088436,0.00294051875038878,"GLM",0.175399010088436
"OTU2505_g__Monoglobus",0.0689198598265648,0.174846982118566,0.00293126414515853,"GLM",0.174846982118566
"OTU1679_g__Cutibacterium",0.0686231032013893,0.174094122195951,0.0029186426445141,"GLM",0.174094122195951
"OTU2502_g__Ruminiclostridium",0.0682545229792595,0.173159048623977,0.00290296637946564,"GLM",0.173159048623977
"OTU1619_g__Atopobium",0.0681650787591934,0.172932132144665,0.00289916218375295,"GLM",0.172932132144665
"OTU2587_g__Anaerostipes",0.0678739920258522,0.172193656515325,0.00288678183204125,"GLM",0.172193656515325
"OTU1536_g__Phocaeicola",0.0678073763847351,0.172024655245727,0.00288394856974494,"GLM",0.172024655245727
"OTU2504_g__Ethanoligenens",0.0666158199310303,0.169001723242115,0.00283326990152845,"GLM",0.169001723242115
"OTU1293_g__Enterobacter",0.0660139545798302,0.167474814444507,0.00280767167296813,"GLM",0.167474814444507
"OTU1322_g__Haemophilus",0.0657351091504097,0.166767394523247,0.00279581196211906,"GLM",0.166767394523247
"OTU2272_g__Granulicatella",0.0643221437931061,0.163182756812371,0.0027357164439239,"GLM",0.163182756812371
"OTU1604_g__Xiamenia",0.0635642856359482,0.161260100382331,0.00270348360931304,"GLM",0.161260100382331
"OTU2251_g__Limosilactobacillus",0.0613930486142635,0.155751757189803,0.00261113766942981,"GLM",0.155751757189803
"OTU2516_g__Oscillibacter",0.0612017288804054,0.155266386526412,0.0026030005565928,"GLM",0.155266386526412
"OTU169_g__Aminomonas",0.0610741153359413,0.154942635967674,0.00259757296274299,"GLM",0.154942635967674
"OTU2393_g__Desulfotomaculum",0.0609434433281422,0.154611126207373,0.00259201528789859,"GLM",0.154611126207373
"OTU207_g__Candidatus_Nanosynbacter",0.0581119395792484,0.147427712216147,0.00247158722207111,"GLM",0.147427712216147
"OTU284_g__Oleidesulfovibrio",0.0566480569541454,0.143713899393266,0.00240932611674555,"GLM",0.143713899393266
"OTU739_g__Ralstonia",0.0565594136714935,0.143489014860771,0.00240555598609235,"GLM",0.143489014860771
"OTU167_g__Pyramidobacter",0.0558146685361862,0.14159962565302,0.00237388086780422,"GLM",0.14159962565302
"OTU1569_g__Mesomycoplasma",0.0557633303105831,0.141469382587573,0.00237169737671232,"GLM",0.141469382587573
"OTU1163_g__Yersinia",0.055452223867178,0.140680117738748,0.00235846555695563,"GLM",0.140680117738748
"OTU2411_g__Candidatus_Formimonas",0.0517219640314579,0.131216594794345,0.00219981205800645,"GLM",0.131216594794345
"OTU2396_g__Petrocella",0.0489647760987282,0.124221717114897,0.00208254475437274,"GLM",0.124221717114897
"OTU2549_g__Anaerocolumna",0.0476729683578014,0.12094445152633,0.00202760224980373,"GLM",0.12094445152633
"OTU227_g__Akkermansia",0.0460537485778332,0.116836554432132,0.00195873442424378,"GLM",0.116836554432132
"OTU2439_g__Paeniclostridium",0.0452996268868446,0.114923377270261,0.00192666050709647,"GLM",0.114923377270261
"OTU2545_g__Anaeropeptidivorans",0.0427921041846275,0.108561890491563,0.00182001183705163,"GLM",0.108561890491563
"OTU2577_g__Dorea",0.0421231687068939,0.106864827412675,0.00179156101625427,"GLM",0.106864827412675
"OTU2199_g__Lactiplantibacillus",0.0420777536928654,0.10674961130275,0.00178962944816041,"GLM",0.10674961130275
"OTU1483_g__Pseudoprevotella",0.0404612496495247,0.102648603925895,0.00172087712691843,"GLM",0.102648603925895
"OTU2136_g__Bacillus",0.0402898341417313,0.102213729503611,0.00171358657042015,"GLM",0.102213729503611
"OTU2519_g__Flavonifractor",0.0400008447468281,0.101480574739654,0.00170129542163166,"GLM",0.101480574739654
"OTU929_g__Aeromonas",0.0394102036952972,0.0999821415502163,0.00167617457923053,"GLM",0.0999821415502163
"OTU116_g__Limnospira",0.038794681429863,0.098420585696667,0.00164999550179545,"GLM",0.098420585696667
"OTU2095_g__Anoxybacillus",0.0385781563818455,0.0978712701395227,0.00164078636945856,"GLM",0.0978712701395227
"OTU1945_g__Thomasclavelia",0.037583701312542,0.0953483766200381,0.00159849071627593,"GLM",0.0953483766200381
"OTU1612_g__Eggerthella",0.0350638665258884,0.0889556545658658,0.00149131839496784,"GLM",0.0889556545658658
"OTU2547_g__Sellimonas",0.0349657908082008,0.0887068403155184,0.0014871470888234,"GLM",0.0887068403155184
"OTU2506_g__Pusillibacter",0.0306112393736839,0.0776595140626597,0.00130194153964833,"GLM",0.0776595140626597
"OTU1232_g__Candidatus_Moranella",0.0275187138468027,0.0698138980550167,0.00117041182937692,"GLM",0.0698138980550167
"OTU631_g__Sphaerotilus",0.027171865105629,0.0689339563981639,0.00115565983653546,"GLM",0.0689339563981639
"OTU2265_g__Enterococcus",0.0258616469800472,0.0656099843855756,0.00109993431092471,"GLM",0.0656099843855756
"OTU2348_g__Veillonella",0.0257200840860605,0.0652508448740352,0.00109391343049238,"GLM",0.0652508448740352
"OTU2597_g__Blautia",0.0235149022191763,0.0596563849401704,0.00100012376585554,"GLM",0.0596563849401704
"OTU960_g__Vibrio",0.0234004389494658,0.0593659961128763,0.000995255472749836,"GLM",0.0593659961128763
"OTU2561_g__Anaerotignum",0.0213900879025459,0.0542658143301887,0.000909752252664257,"GLM",0.0542658143301887
"OTU2345_g__Dialister",0.0212787371128798,0.0539833217427307,0.000905016337964127,"GLM",0.0539833217427307
"OTU1721_g__Rhodococcus",0.0189533904194832,0.0480840083555165,0.000806115884530688,"GLM",0.0480840083555165
"OTU2515_g__Acutalibacter",0.0137238185852766,0.0348167896570996,0.000583694416310694,"GLM",0.0348167896570996
"OTU2521_g__Dysosmobacter",0.0135300243273377,0.034325141223139,0.000575452058284092,"GLM",0.034325141223139
"OTU2437_g__Clostridioides",0.0131259309127927,0.0332999720744351,0.000558265364342296,"GLM",0.0332999720744351
"OTU1605_g__Slackia",0.0121274385601282,0.0307668361253606,0.000515797999493533,"GLM",0.0307668361253606
"OTU2507_g__Pseudoclostridium",0.0102773336693645,0.0260731925577897,0.000437110286768558,"GLM",0.0260731925577897
"OTU1438_g__Spirosoma",0.00868503376841545,0.0220335901411679,0.000369387403702098,"GLM",0.0220335901411679
"OTU1257_g__Klebsiella",0.00809198804199696,0.0205290563858248,0.000344164286901446,"GLM",0.0205290563858248
"OTU291_g__Desulfovibrio",0.00753762340173125,0.0191226550294143,0.000320586334226501,"GLM",0.0191226550294143
"OTU1583_g__Rubrobacter",0.00752935605123639,0.0191016810853613,0.000320234711513657,"GLM",0.0191016810853613
"OTU92_g__Fusobacterium",0.00636770017445087,0.0161546056730292,0.000270827759305643,"GLM",0.0161546056730292
"OTU1228_g__Shigella",0.00606497656553984,0.0153866077466356,0.000257952473968051,"GLM",0.0153866077466356
"OTU1615_g__Phoenicibacter",0.00536581454798579,0.0136128611213685,0.000228216073475214,"GLM",0.0136128611213685
"OTU2333_g__Acidaminococcus",0.00353239150717854,0.00896153875306285,0.000150237864640345,"GLM",0.00896153875306285
"OTU205_g__Candidatus_Saccharimonas",0.00109044602140784,0.00276641880128823,4.6378291146082e-05,"GLM",0.00276641880128823
"OTU1458_g__Butyricimonas",0.000236821637372486,0.000600807208534052,1.00723764699262e-05,"GLM",0.000600807208534052
"OTU227_g__Akkermansia",1,1,0.00735448871893447,"DeepLearning",1
"OTU611_g__Conchiformibius",0.98164689540863,0.98164689540863,0.00721951101825981,"DeepLearning",0.98164689540863
"OTU2544_g__Herbinix",0.974857449531555,0.974857449531555,0.00716957811514905,"DeepLearning",0.974857449531555
"OTU2199_g__Lactiplantibacillus",0.957061946392059,0.957061946392059,0.00703870128806186,"DeepLearning",0.957061946392059
"OTU739_g__Ralstonia",0.945779502391815,0.945779502391815,0.00695572468094006,"DeepLearning",0.945779502391815
"OTU1959_g__Longicatena",0.931902229785919,0.931902229785919,0.00685366443611042,"DeepLearning",0.931902229785919
"OTU2341_g__Megasphaera",0.91953319311142,0.91953319311142,0.00676269649542372,"DeepLearning",0.91953319311142
"OTU1531_g__Bacteroides",0.913690328598022,0.913690328598022,0.00671972521427368,"DeepLearning",0.913690328598022
"OTU1623_g__Olsenella",0.897591531276703,0.897591531276703,0.00660132679098562,"DeepLearning",0.897591531276703
"OTU2193_g__Fructilactobacillus",0.896718442440033,0.896718442440033,0.00659490566898571,"DeepLearning",0.896718442440033
"OTU2345_g__Dialister",0.891942083835602,0.891942083835602,0.00655977799351183,"DeepLearning",0.891942083835602
"OTU2157_g__Staphylococcus",0.890009641647339,0.890009641647339,0.00654556586923826,"DeepLearning",0.890009641647339
"OTU1456_g__Odoribacter",0.887887895107269,0.887887895107269,0.00652996150824488,"DeepLearning",0.887887895107269
"OTU2587_g__Anaerostipes",0.883116126060486,0.883116126060486,0.00649486758662095,"DeepLearning",0.883116126060486
"OTU2433_g__Peptostreptococcus",0.88262277841568,0.88262277841568,0.00649123926693271,"DeepLearning",0.88262277841568
"OTU2506_g__Pusillibacter",0.878529667854309,0.878529667854309,0.00646113653148376,"DeepLearning",0.878529667854309
"OTU2502_g__Ruminiclostridium",0.874840497970581,0.874840497970581,0.00643400457319165,"DeepLearning",0.874840497970581
"OTU1483_g__Pseudoprevotella",0.871768355369568,0.871768355369568,0.00641141053508954,"DeepLearning",0.871768355369568
"OTU2370_g__Thermanaeromonas",0.869953453540802,0.869953453540802,0.00639806286006391,"DeepLearning",0.869953453540802
"OTU2251_g__Limosilactobacillus",0.86701101064682,0.86701101064682,0.00637642269699401,"DeepLearning",0.86701101064682
"OTU1455_g__Barnesiella",0.866229355335236,0.866229355335236,0.00637067402182286,"DeepLearning",0.866229355335236
"OTU1098_g__Pseudomonas",0.862595856189728,0.862595856189728,0.00634395149334697,"DeepLearning",0.862595856189728
"OTU1507_g__Prevotella",0.859434068202972,0.859434068202972,0.00632069815926671,"DeepLearning",0.859434068202972
"OTU1604_g__Xiamenia",0.856069624423981,0.856069624423981,0.00629595439544863,"DeepLearning",0.856069624423981
"OTU2588_g__Lachnospira",0.855165958404541,0.855165958404541,0.00628930839390298,"DeepLearning",0.855165958404541
"OTU167_g__Pyramidobacter",0.852957785129547,0.852957785129547,0.00627306840846258,"DeepLearning",0.852957785129547
"OTU2522_g__Solibaculum",0.85077428817749,0.85077428817749,0.00625700990476085,"DeepLearning",0.85077428817749
"OTU845_g__Stenotrophomonas",0.850184202194214,0.850184202194214,0.00625267012405364,"DeepLearning",0.850184202194214
"OTU1615_g__Phoenicibacter",0.84478485584259,0.84478485584259,0.00621296069222101,"DeepLearning",0.84478485584259
"OTU1923_g__Bifidobacterium",0.839282393455505,0.839282393455505,0.00617249289466883,"DeepLearning",0.839282393455505
"OTU1124_g__Buchnera",0.833063662052155,0.833063662052155,0.0061267573047168,"DeepLearning",0.833063662052155
"OTU2551_g__Pseudobutyrivibrio",0.832331418991089,0.832331418991089,0.00612137203138468,"DeepLearning",0.832331418991089
"OTU2232_g__Lactobacillus",0.83161062002182,0.83161062002182,0.00611607092349657,"DeepLearning",0.83161062002182
"OTU169_g__Aminomonas",0.826846957206726,0.826846957206726,0.00608103661906216,"DeepLearning",0.826846957206726
"OTU2419_g__Emergencia",0.824997663497925,0.824997663497925,0.00606743600934278,"DeepLearning",0.824997663497925
"OTU1609_g__Gordonibacter",0.822287976741791,0.822287976741791,0.00604750764866295,"DeepLearning",0.822287976741791
"OTU2509_g__Caproicibacterium",0.819916367530823,0.819916367530823,0.00603006567547516,"DeepLearning",0.819916367530823
"OTU121_g__Leptolyngbya",0.818027973175049,0.818027973175049,0.00601617750048872,"DeepLearning",0.818027973175049
"OTU1463_g__Sodaliphilus",0.816019535064697,0.816019535064697,0.00600140646506346,"DeepLearning",0.816019535064697
"OTU929_g__Aeromonas",0.813033819198608,0.813033819198608,0.00597944805140837,"DeepLearning",0.813033819198608
"OTU2597_g__Blautia",0.811673998832703,0.811673998832703,0.00596944726786754,"DeepLearning",0.811673998832703
"OTU2437_g__Clostridioides",0.807538628578186,0.807538628578186,0.00593903373398208,"DeepLearning",0.807538628578186
"OTU631_g__Sphaerotilus",0.807506203651428,0.807506203651428,0.00593879526522403,"DeepLearning",0.807506203651428
"OTU2454_g__Sarcina",0.806965589523315,0.806965589523315,0.00593481932471752,"DeepLearning",0.806965589523315
"OTU1257_g__Klebsiella",0.806133806705475,0.806133806705475,0.00592870198736711,"DeepLearning",0.806133806705475
"OTU2439_g__Paeniclostridium",0.803680241107941,0.803680241107941,0.00591065726685888,"DeepLearning",0.803680241107941
"OTU1458_g__Butyricimonas",0.800542533397675,0.800542533397675,0.00588758103090041,"DeepLearning",0.800542533397675
"OTU1607_g__Denitrobacterium",0.793295383453369,0.793295383453369,0.00583428194839059,"DeepLearning",0.793295383453369
"OTU2332_g__Megamonas",0.792933404445648,0.792933404445648,0.00583161977786182,"DeepLearning",0.792933404445648
"OTU1298_g__Escherichia",0.791461169719696,0.791461169719696,0.00582079224417818,"DeepLearning",0.791461169719696
"OTU2561_g__Anaerotignum",0.790611684322357,0.790611684322357,0.00581454471340655,"DeepLearning",0.790611684322357
"OTU1614_g__Adlercreutzia",0.787611126899719,0.787611126899719,0.00579247714769125,"DeepLearning",0.787611126899719
"OTU1473_g__Alistipes",0.786241710186005,0.786241710186005,0.00578240578791871,"DeepLearning",0.786241710186005
"OTU2445_g__Geosporobacter",0.779713094234467,0.779713094234467,0.00573439115555287,"DeepLearning",0.779713094234467
"OTU2521_g__Dysosmobacter",0.776705145835876,0.776705145835876,0.0057122692329883,"DeepLearning",0.776705145835876
"OTU2546_g__Faecalicatena",0.770236372947693,0.770236372947693,0.00566469471575681,"DeepLearning",0.770236372947693
"OTU2518_g__Ruthenibacterium",0.767155766487122,0.767155766487122,0.00564203843029506,"DeepLearning",0.767155766487122
"OTU1605_g__Slackia",0.765576958656311,0.765576958656311,0.005630427105914,"DeepLearning",0.765576958656311
"OTU2523_g__Subdoligranulum",0.764410018920898,0.764410018920898,0.00562184486079423,"DeepLearning",0.764410018920898
"OTU1449_g__Porphyromonas",0.761793375015259,0.761793375015259,0.00560260078270873,"DeepLearning",0.761793375015259
"OTU2448_g__Hungatella",0.761064887046814,0.761064887046814,0.00559724312616293,"DeepLearning",0.761064887046814
"OTU2451_g__Alkaliphilus",0.760374426841736,0.760374426841736,0.00559216514437381,"DeepLearning",0.760374426841736
"OTU207_g__Candidatus_Nanosynbacter",0.759494662284851,0.759494662284851,0.00558569492586488,"DeepLearning",0.759494662284851
"OTU2541_g__Faecalibacterium",0.75830203294754,0.75830203294754,0.00557692374685776,"DeepLearning",0.75830203294754
"OTU66_g__Gemmatirosa",0.757881760597229,0.757881760597229,0.00557383285859851,"DeepLearning",0.757881760597229
"OTU1235_g__Jejubacter",0.753814339637756,0.753814339637756,0.00554391905703691,"DeepLearning",0.753814339637756
"OTU2542_g__Wansuia",0.74974513053894,0.74974513053894,0.00551399210462469,"DeepLearning",0.74974513053894
"OTU2524_g__Vescimonas",0.749436616897583,0.749436616897583,0.00551172314452968,"DeepLearning",0.749436616897583
"OTU1228_g__Shigella",0.748832046985626,0.748832046985626,0.00550727684193239,"DeepLearning",0.748832046985626
"OTU1259_g__Salmonella",0.747862935066223,0.747862935066223,0.00550014951925376,"DeepLearning",0.747862935066223
"OTU116_g__Limnospira",0.747153699398041,0.747153699398041,0.00549493345353304,"DeepLearning",0.747153699398041
"OTU1948_g__Turicibacter",0.744699001312256,0.744699001312256,0.00547688040415275,"DeepLearning",0.744699001312256
"OTU291_g__Desulfovibrio",0.742743790149689,0.742743790149689,0.00546250082571451,"DeepLearning",0.742743790149689
"OTU2516_g__Oscillibacter",0.742579102516174,0.742579102516174,0.00546128963237168,"DeepLearning",0.742579102516174
"OTU1293_g__Enterobacter",0.738216161727905,0.738216161727905,0.00542920243356298,"DeepLearning",0.738216161727905
"OTU2577_g__Dorea",0.736512303352356,0.736512303352356,0.00541667142636134,"DeepLearning",0.736512303352356
"OTU1597_g__Actinomarinicola",0.728669404983521,0.728669404983521,0.00535899091878399,"DeepLearning",0.728669404983521
"OTU2422_g__Alkalibacter",0.725065469741821,0.725065469741821,0.00533248581770514,"DeepLearning",0.725065469741821
"OTU284_g__Oleidesulfovibrio",0.723875284194946,0.723875284194946,0.00532373261152721,"DeepLearning",0.723875284194946
"OTU1322_g__Haemophilus",0.720370352268219,0.720370352268219,0.00529795562921146,"DeepLearning",0.720370352268219
"OTU2565_g__Qiania",0.718587279319763,0.718587279319763,0.00528484203932701,"DeepLearning",0.718587279319763
"OTU1876_g__Schaalia",0.717513084411621,0.717513084411621,0.00527694188499314,"DeepLearning",0.717513084411621
"OTU1481_g__Hoylesella",0.717197000980377,0.717197000980377,0.00527461725296381,"DeepLearning",0.717197000980377
"OTU2382_g__Desulfoscipio",0.71697586774826,0.71697586774826,0.00527299093110283,"DeepLearning",0.71697586774826
"OTU2545_g__Anaeropeptidivorans",0.716908514499664,0.716908514499664,0.00527249558239585,"DeepLearning",0.716908514499664
"OTU1962_g__Allobaculum",0.716656565666199,0.716656565666199,0.00527064262754238,"DeepLearning",0.716656565666199
"OTU1952_g__Faecalitalea",0.715339720249176,0.715339720249176,0.0052609579027783,"DeepLearning",0.715339720249176
"OTU2529_g__Ruminococcus",0.713424921035767,0.713424921035767,0.00524687553356426,"DeepLearning",0.713424921035767
"OTU2678_g__Massilistercora",0.711012363433838,0.711012363433838,0.00522913240589709,"DeepLearning",0.711012363433838
"OTU1438_g__Spirosoma",0.710990905761719,0.710990905761719,0.00522897459568956,"DeepLearning",0.710990905761719
"OTU2505_g__Monoglobus",0.705826938152313,0.705826938152313,0.00519099625416124,"DeepLearning",0.705826938152313
"OTU2547_g__Sellimonas",0.703002512454987,0.703002512454987,0.00517022404723278,"DeepLearning",0.703002512454987
"OTU1721_g__Rhodococcus",0.702739477157593,0.702739477157593,0.00516828955710542,"DeepLearning",0.702739477157593
"OTU2330_g__Selenomonas",0.700161755084991,0.700161755084991,0.00514933172920193,"DeepLearning",0.700161755084991
"OTU92_g__Fusobacterium",0.699841797351837,0.699841797351837,0.00514697860366291,"DeepLearning",0.699841797351837
"OTU2136_g__Bacillus",0.696214854717255,0.696214854717255,0.00512030429497265,"DeepLearning",0.696214854717255
"OTU2567_g__Lachnoanaerobaculum",0.693384826183319,0.693384826183319,0.00509949088204556,"DeepLearning",0.693384826183319
"OTU2571_g__Butyrivibrio",0.691387057304382,0.691387057304382,0.00508479831336238,"DeepLearning",0.691387057304382
"OTU2562_g__Anaeromicropila",0.690620839595795,0.690620839595795,0.00507916317386832,"DeepLearning",0.690620839595795
"OTU2323_g__Streptococcus",0.688103079795837,0.688103079795837,0.00506064633782255,"DeepLearning",0.688103079795837
"OTU2272_g__Granulicatella",0.685736000537872,0.685736000537872,0.00504323768012302,"DeepLearning",0.685736000537872
"OTU58_g__Paludibaculum",0.684885680675507,0.684885680675507,0.00503698401228777,"DeepLearning",0.684885680675507
"OTU1569_g__Mesomycoplasma",0.684240102767944,0.684240102767944,0.00503223611684941,"DeepLearning",0.684240102767944
"OTU1837_g__Arthrobacter",0.679541409015656,0.679541409015656,0.00499767962665447,"DeepLearning",0.679541409015656
"OTU917_g__Alteromonas",0.677622497081757,0.677622497081757,0.00498356701048398,"DeepLearning",0.677622497081757
"OTU1583_g__Rubrobacter",0.674660563468933,0.674660563468933,0.00496178350314224,"DeepLearning",0.674660563468933
"OTU2507_g__Pseudoclostridium",0.672534823417664,0.672534823417664,0.00494614977191579,"DeepLearning",0.672534823417664
"OTU2498_g__Clostridium",0.671814739704132,0.671814739704132,0.00494085392436793,"DeepLearning",0.671814739704132
"OTU1942_g__Catenibacterium",0.670828104019165,0.670828104019165,0.00493359772335315,"DeepLearning",0.670828104019165
"OTU1172_g__Morganella",0.669876575469971,0.669876575469971,0.00492659971737235,"DeepLearning",0.669876575469971
"OTU999_g__Acinetobacter",0.669474244117737,0.669474244117737,0.00492364077598107,"DeepLearning",0.669474244117737
"OTU2333_g__Acidaminococcus",0.666757345199585,0.666757345199585,0.00490365937353704,"DeepLearning",0.666757345199585
"OTU32_g__Dissulfurispira",0.664644181728363,0.664644181728363,0.00488811813662667,"DeepLearning",0.664644181728363
"OTU2519_g__Flavonifractor",0.663298189640045,0.663298189640045,0.00487821905299737,"DeepLearning",0.663298189640045
"OTU1174_g__Proteus",0.661574304103851,0.661574304103851,0.00486554075626869,"DeepLearning",0.661574304103851
"OTU743_g__Sutterella",0.66071629524231,0.66071629524231,0.00485923053977574,"DeepLearning",0.66071629524231
"OTU2242_g__Ligilactobacillus",0.659542977809906,0.659542977809906,0.0048506013899554,"DeepLearning",0.659542977809906
"OTU2549_g__Anaerocolumna",0.656436622142792,0.656436622142792,0.00482775573224461,"DeepLearning",0.656436622142792
"OTU1304_g__Frederiksenia",0.655828475952148,0.655828475952148,0.00482328312794606,"DeepLearning",0.655828475952148
"OTU1844_g__Rothia",0.655255973339081,0.655255973339081,0.00481907266393669,"DeepLearning",0.655255973339081
"OTU2674_g__Gemella",0.649540781974792,0.649540781974792,0.00477704035352148,"DeepLearning",0.649540781974792
"OTU2444_g__Paraclostridium",0.649242162704468,0.649242162704468,0.00477484416146662,"DeepLearning",0.649242162704468
"OTU704_g__Oxalobacter",0.647202610969543,0.647202610969543,0.00475984430124044,"DeepLearning",0.647202610969543
"OTU2573_g__Lacrimispora",0.646790266036987,0.646790266036987,0.00475681171508564,"DeepLearning",0.646790266036987
"OTU2101_g__Lysinibacillus",0.644800662994385,0.644800662994385,0.00474217920195367,"DeepLearning",0.644800662994385
"OTU2438_g__Terrisporobacter",0.64441967010498,0.64441967010498,0.00473937719404655,"DeepLearning",0.64441967010498
"OTU1592_g__Thermoleophilum",0.643674850463867,0.643674850463867,0.00473389942639834,"DeepLearning",0.643674850463867
"OTU2560_g__Lachnoclostridium",0.640453040599823,0.640453040599823,0.00471020466209868,"DeepLearning",0.640453040599823
"OTU2429_g__Peptacetobacter",0.639057338237762,0.639057338237762,0.00469993998482191,"DeepLearning",0.639057338237762
"OTU2513_g__Acetivibrio",0.638252139091492,0.638252139091492,0.00469401815678417,"DeepLearning",0.638252139091492
"OTU1177_g__Providencia",0.636153221130371,0.636153221130371,0.00467858168831714,"DeepLearning",0.636153221130371
"OTU2517_g__Fastidiosipila",0.635878264904022,0.635878264904022,0.00467655952585225,"DeepLearning",0.635878264904022
"OTU2357_g__Halothermothrix",0.635741651058197,0.635741651058197,0.00467555480086428,"DeepLearning",0.635741651058197
"OTU1606_g__Raoultibacter",0.634499847888947,0.634499847888947,0.00466642197346489,"DeepLearning",0.634499847888947
"OTU2564_g__Wujia",0.630678653717041,0.630678653717041,0.00463831904403475,"DeepLearning",0.630678653717041
"OTU2270_g__Carnobacterium",0.629483282566071,0.629483282566071,0.00462952770039,"DeepLearning",0.629483282566071
"OTU2579_g__Coprococcus",0.62716805934906,0.62716805934906,0.00461250041735868,"DeepLearning",0.62716805934906
"OTU1601_g__Berryella",0.625075101852417,0.625075101852417,0.00459710778506041,"DeepLearning",0.625075101852417
"OTU1181_g__Sodalis",0.624758183956146,0.624758183956146,0.00459477701596746,"DeepLearning",0.624758183956146
"OTU2371_g__Ammonifex",0.624707221984863,0.624707221984863,0.00459440221672457,"DeepLearning",0.624707221984863
"OTU2393_g__Desulfotomaculum",0.624502956867218,0.624502956867218,0.00459289995122117,"DeepLearning",0.624502956867218
"OTU1951_g__Tannockella",0.624277412891388,0.624277412891388,0.00459124119059531,"DeepLearning",0.624277412891388
"OTU2418_g__Aminipila",0.623781979084015,0.623781979084015,0.004587597528248,"DeepLearning",0.623781979084015
"OTU2504_g__Ethanoligenens",0.622538328170776,0.622538328170776,0.0045784511116363,"DeepLearning",0.622538328170776
"OTU1163_g__Yersinia",0.621392846107483,0.621392846107483,0.00457002667672406,"DeepLearning",0.621392846107483
"OTU69_g__Gemmatimonas",0.620925605297089,0.620925605297089,0.00456659035945499,"DeepLearning",0.620925605297089
"OTU1937_g__Parvimonas",0.619334757328033,0.619334757328033,0.00455489048601304,"DeepLearning",0.619334757328033
"OTU2600_g__Roseburia",0.617017507553101,0.617017507553101,0.00453784829868434,"DeepLearning",0.617017507553101
"OTU1480_g__Parabacteroides",0.612128078937531,0.612128078937531,0.00450188905108909,"DeepLearning",0.612128078937531
"OTU2554_g__Enterocloster",0.611003994941711,0.611003994941711,0.00449362198802271,"DeepLearning",0.611003994941711
"OTU960_g__Vibrio",0.604916095733643,0.604916095733643,0.00444884860197496,"DeepLearning",0.604916095733643
"OTU1549_g__Pelolinea",0.60185307264328,0.60185307264328,0.00442632163321105,"DeepLearning",0.60185307264328
"OTU168_g__Cloacibacillus",0.596714377403259,0.596714377403259,0.00438852915703827,"DeepLearning",0.596714377403259
"OTU2432_g__Filifactor",0.594601571559906,0.594601571559906,0.00437299055029803,"DeepLearning",0.594601571559906
"OTU2555_g__Marvinbryantia",0.59380167722702,0.59380167722702,0.00436710773645049,"DeepLearning",0.59380167722702
"OTU1945_g__Thomasclavelia",0.587828159332275,0.587828159332275,0.00432317556648123,"DeepLearning",0.587828159332275
"OTU205_g__Candidatus_Saccharimonas",0.586226403713226,0.586226403713226,0.00431139547285044,"DeepLearning",0.586226403713226
"OTU179_g__Anaeromyxobacter",0.584968328475952,0.584968328475952,0.00430214297271034,"DeepLearning",0.584968328475952
"OTU84_g__Cetobacterium",0.584283113479614,0.584283113479614,0.00429710356674973,"DeepLearning",0.584283113479614
"OTU1454_g__Coprobacter",0.58230048418045,0.58230048418045,0.0042825223419352,"DeepLearning",0.58230048418045
"OTU2447_g__Caloramator",0.578525960445404,0.578525960445404,0.00425476264970645,"DeepLearning",0.578525960445404
"OTU2584_g__Mediterraneibacter",0.564467549324036,0.564467549324036,0.0041513702237082,"DeepLearning",0.564467549324036
"OTU2566_g__Simiaoa",0.563762784004211,0.563762784004211,0.00414618703511406,"DeepLearning",0.563762784004211
"OTU65_g__Candidatus_Koribacter",0.562847077846527,0.562847077846527,0.00413945248450751,"DeepLearning",0.562847077846527
"OTU2411_g__Candidatus_Formimonas",0.558974027633667,0.558974027633667,0.00411096818040917,"DeepLearning",0.558974027633667
"OTU2450_g__Serpentinicella",0.556171357631683,0.556171357631683,0.00409035597549668,"DeepLearning",0.556171357631683
"OTU2515_g__Acutalibacter",0.555776119232178,0.555776119232178,0.00408744919914623,"DeepLearning",0.555776119232178
"OTU1960_g__Amedibacterium",0.555419385433197,0.555419385433197,0.00408482560444596,"DeepLearning",0.555419385433197
"OTU1964_g__Faecalibacillus",0.555414021015167,0.555414021015167,0.00408478615189408,"DeepLearning",0.555414021015167
"OTU2396_g__Petrocella",0.555225431919098,0.555225431919098,0.00408339917551452,"DeepLearning",0.555225431919098
"OTU2348_g__Veillonella",0.553304135799408,0.553304135799408,0.00406926902487653,"DeepLearning",0.553304135799408
"OTU740_g__Turicimonas",0.548884332180023,0.548884332180023,0.00403676362901786,"DeepLearning",0.548884332180023
"OTU918_g__Succinivibrio",0.547560036182404,0.547560036182404,0.00402702410904283,"DeepLearning",0.547560036182404
"OTU2337_g__Phascolarctobacterium",0.545231401920319,0.545231401920319,0.00400989819463181,"DeepLearning",0.545231401920319
"OTU2679_g__Intestinimonas",0.532713711261749,0.532713711261749,0.00391783697989625,"DeepLearning",0.532713711261749
"OTU965_g__Moraxella",0.531827747821808,0.531827747821808,0.00391132117177181,"DeepLearning",0.531827747821808
"OTU2563_g__Tyzzerella",0.528153836727142,0.528153836727142,0.00388430143407172,"DeepLearning",0.528153836727142
"OTU2575_g__Anaerobutyricum",0.526553571224213,0.526553571224213,0.00387253229948313,"DeepLearning",0.526553571224213
"OTU2386_g__Heliorestis",0.520946979522705,0.520946979522705,0.00383129868406272,"DeepLearning",0.520946979522705
"OTU2436_g__Romboutsia",0.512158095836639,0.512158095836639,0.00376666093814152,"DeepLearning",0.512158095836639
"OTU2677_g__Flintibacter",0.51080322265625,0.51080322265625,0.00375669653862076,"DeepLearning",0.51080322265625
"OTU2511_g__Anaerotruncus",0.505209743976593,0.505209743976593,0.00371555936277162,"DeepLearning",0.505209743976593
"OTU2265_g__Enterococcus",0.499521017074585,0.499521017074585,0.00367372168494571,"DeepLearning",0.499521017074585
"OTU1619_g__Atopobium",0.497691690921783,0.497691690921783,0.00366026792639167,"DeepLearning",0.497691690921783
"OTU1628_g__Collinsella",0.496643364429474,0.496643364429474,0.00365255802103022,"DeepLearning",0.496643364429474
"OTU2413_g__Christensenella",0.484322160482407,0.484322160482407,0.00356194186559783,"DeepLearning",0.484322160482407
"OTU2279_g__Lactococcus",0.484291970729828,0.484291970729828,0.00356171983540306,"DeepLearning",0.484291970729828
"OTU1596_g__Aquihabitans",0.4832563996315,0.4832563996315,0.00355410373944275,"DeepLearning",0.4832563996315
"OTU1536_g__Phocaeicola",0.470126271247864,0.470126271247864,0.00345753835836714,"DeepLearning",0.470126271247864
"OTU1484_g__Paraprevotella",0.451681315898895,0.451681315898895,0.0033218851423319,"DeepLearning",0.451681315898895
"OTU2095_g__Anoxybacillus",0.4440638422966,0.4440638422966,0.00326586251865704,"DeepLearning",0.4440638422966
"OTU1679_g__Cutibacterium",0.434102714061737,0.434102714061737,0.00319260351342588,"DeepLearning",0.434102714061737
"OTU2427_g__Eubacterium",0.428952991962433,0.428952991962433,0.0031547299403409,"DeepLearning",0.428952991962433
"OTU1232_g__Candidatus_Moranella",0.407918989658356,0.407918989658356,0.00300003560768152,"DeepLearning",0.407918989658356
"OTU1612_g__Eggerthella",0.385190159082413,0.385190159082413,0.00283287667961618,"DeepLearning",0.385190159082413
