PMID,Title,Authors,Citation,First Author,Journal/Book,Publication Year,Create Date,PMCID,NIHMS ID,DOI
"12640051","False localising signs","Larner AJ.","J Neurol Neurosurg Psychiatry. 2003 Apr;74(4):415-8. doi: 10.1136/jnnp.74.4.415.","Larner AJ","J Neurol Neurosurg Psychiatry","2003","2003/03/18","PMC1738389","","10.1136/jnnp.74.4.415"
"30725793","Uncal Herniation","Hall WA, Munakomi S.","2026 Mar 6. In: StatPearls [Internet]. Treasure Island (FL): StatPearls Publishing; 2026 Jan–.","Hall WAMunakomi S","StatPearls","2026","2026/03/06","","",""
"17183979","Cerebral venous thrombosis--clinical presentations","Mehndiratta MM, Garg S, Gurnani M.","J Pak Med Assoc. 2006 Nov;56(11):513-6.","Mehndiratta MM","J Pak Med Assoc","2006","2006/12/23","","",""
"8484169","Peripapillary hemorrhage","Winterkorn JM.","Surv Ophthalmol. 1993 Mar-Apr;37(5):362-72. doi: 10.1016/0039-6257(93)90066-g.","Winterkorn JM","Surv Ophthalmol","1993","1993/03/01","","","10.1016/0039-6257(93)90066-g"
"34397012","Kernohan-Woltman phenomenon: A false localizing sign","Bhoil R, Ahluwalia AK, Surya M, Bhoil S.","Natl Med J India. 2021 Jan-Feb;34(1):56. doi: 10.4103/0970-258X.323452.","Bhoil R","Natl Med J India","2021","2021/08/16","","","10.4103/0970-258X.323452"
"12441839","False and non-localizing signs in neuro-ophthalmology","Lepore FE.","Curr Opin Ophthalmol. 2002 Dec;13(6):371-4. doi: 10.1097/00055735-200212000-00005.","Lepore FE","Curr Opin Ophthalmol","2002","2002/11/21","","","10.1097/00055735-200212000-00005"
"32924623","Chameleons, red herrings, and false localizing signs in neurocritical care","Li B, Sursal T, Bowers C, Cole C, Gandhi C, Schmidt M, Mayer S, Al-Mufti F.","Br J Neurosurg. 2022 Jun;36(3):298-306. doi: 10.1080/02688697.2020.1820945. Epub 2020 Sep 14.","Li B","Br J Neurosurg","2022","2020/09/14","","","10.1080/02688697.2020.1820945"
"33347647","Pyramidal weakness: Is it time to retire the term?","Castle-Kirszbaum M, Goldschlager T.","Clin Anat. 2021 Apr;34(3):478-482. doi: 10.1002/ca.23715. Epub 2020 Dec 31.","Castle-Kirszbaum M","Clin Anat","2021","2020/12/21","","","10.1002/ca.23715"
"27781487","Kernohan-Woltman notch phenomenon: a review article","Zhang CH, DeSouza RM, Kho JS, Vundavalli S, Critchley G.","Br J Neurosurg. 2017 Apr;31(2):159-166. doi: 10.1080/02688697.2016.1211250. Epub 2016 Oct 26.","Zhang CH","Br J Neurosurg","2017","2016/10/27","","","10.1080/02688697.2016.1211250"
"38173285","Parkinsonism after uncal herniation-an overlooked false localizing sign?","Buijink AWG, de Vries S, Schuurman PR, van Iperen A, Dijk JM.","Mov Disord Clin Pract. 2024 Aug;11 Suppl 2(Suppl 2):S30-S32. doi: 10.1002/mdc3.13964. Epub 2024 Jan 3.","Buijink AWG","Mov Disord Clin Pract","2024","2024/01/04","PMC11322587","","10.1002/mdc3.13964"
"34621136","Neuro-Ophthalmic Complications of Vestibular Schwannoma Resection: Current Perspectives","Chiu SJ, Hickman SJ, Pepper IM, Tan JHY, Yianni J, Jefferis JM.","Eye Brain. 2021 Oct 1;13:241-253. doi: 10.2147/EB.S272326. eCollection 2021.","Chiu SJ","Eye Brain","2021","2021/10/08","PMC8491867","","10.2147/EB.S272326"
"36396093","Kernohan-Woltman notch phenomenon: an exceptional neurological picture?","Carrasco Moro R, Pascual Garvi JM, Vior Fernández C, Espinosa Rodríguez EE, Martín Palomeque G, Cabañes Martínez L, López Gutiérrez M, Acitores Cancela A, Barrero Ruiz E, Martínez San Millán JS.","Neurologia (Engl Ed). 2024 Oct;39(8):683-693. doi: 10.1016/j.nrleng.2022.09.010. Epub 2022 Nov 14.","Carrasco Moro R","Neurologia (Engl Ed)","2024","2022/11/17","","","10.1016/j.nrleng.2022.09.010"
"41881567","Evaluation of the C1-C2 False Localizing Sign in Spontaneous Intracranial Hypotension: Prevalence and Clinical Insights","Madhavan AA, Kranz PG, Kodet ML, Weant EH, Malinzak MD, Willhite J, Gray L, Amrhein TJ.","AJNR Am J Neuroradiol. 2026 Mar 25:ajnr.A9309. doi: 10.3174/ajnr.A9309. Online ahead of print.","Madhavan AA","AJNR Am J Neuroradiol","2026","2026/03/25","","","10.3174/ajnr.A9309"
"37815739","Syndrome of the third frontal convolution: Léon Ectors´ legacy on paradoxical ipsilateral hemiparesis","Carrasco-Moro R, Martínez-San Millán JS, Pérez-Pérez M, Pascual JM.","Acta Neurol Belg. 2024 Feb;124(1):37-48. doi: 10.1007/s13760-023-02394-9. Epub 2023 Oct 10.","Carrasco-Moro R","Acta Neurol Belg","2024","2023/10/10","","","10.1007/s13760-023-02394-9"
"37610638","The Kinetics of Transtentorial Brain Herniation: Kernohan-Woltman Notch Phenomenon Revisited","Roy D, Chakravarty A.","Curr Neurol Neurosci Rep. 2023 Oct;23(10):571-580. doi: 10.1007/s11910-023-01295-x. Epub 2023 Aug 23.","Roy D","Curr Neurol Neurosci Rep","2023","2023/08/23","","","10.1007/s11910-023-01295-x"
"36907707","Beyond uncal herniation: An updated diagnostic reappraisal of ipsilateral hemiparesis and the Kernohan-Woltman notch phenomenon","Carrasco-Moro R, Martínez-San Millán JS, Pascual JM.","Rev Neurol (Paris). 2023 Oct;179(8):844-865. doi: 10.1016/j.neurol.2022.11.015. Epub 2023 Mar 10.","Carrasco-Moro R","Rev Neurol (Paris)","2023","2023/03/12","","","10.1016/j.neurol.2022.11.015"
"37181846","Spontaneous chronic subdural hematoma as the cause of oculomotor cranial nerve palsy: A narrative review","Pellegrini F, Interlandi E, Cuna A, Monaco D, Lee AG.","Brain Circ. 2022 Dec 6;8(4):188-191. doi: 10.4103/bc.bc_42_22. eCollection 2022 Oct-Dec.","Pellegrini F","Brain Circ","2022","2023/05/14","PMC10167844","","10.4103/bc.bc_42_22"
"756328","Parinaud's syndrome, false localising sign of pseudo-Dandy-Walker syndrome","Neetens A, Rubbens MC.","Bull Soc Belge Ophtalmol. 1978;182:131-8.","Neetens A","Bull Soc Belge Ophtalmol","1978","1978/01/01","","",""
"1402147","The false localizing signs of increased intracranial pressure","Davis M, Lucatorto M.","J Neurosci Nurs. 1992 Oct;24(5):245-50. doi: 10.1097/01376517-199210000-00003.","Davis M","J Neurosci Nurs","1992","1992/10/01","","","10.1097/01376517-199210000-00003"
"25979700","False localizing sign of cervico-thoracic CSF leak in spontaneous intracranial hypotension","Schievink WI, Maya MM, Chu RM, Moser FG.","Neurology. 2015 Jun 16;84(24):2445-8. doi: 10.1212/WNL.0000000000001697. Epub 2015 May 15.","Schievink WI","Neurology","2015","2015/05/17","","","10.1212/WNL.0000000000001697"
"37458360","Rubrospinal activation during asleep subthalamic nucleus deep brain stimulation: a false localizing sign. Illustrative case","Mitchell DL, Pearce J, King P, Sani S.","J Neurosurg Case Lessons. 2023 Jul 10;6(2):CASE23100. doi: 10.3171/CASE23100. Print 2023 Jul 10.","Mitchell DL","J Neurosurg Case Lessons","2023","2023/07/17","PMC10555643","","10.3171/CASE23100"
"2246664","Carotid dissection: a new false localising sign","Hess DC, Sethi KD, Nichols FT.","J Neurol Neurosurg Psychiatry. 1990 Sep;53(9):804-5. doi: 10.1136/jnnp.53.9.804.","Hess DC","J Neurol Neurosurg Psychiatry","1990","1990/09/01","PMC1014265","","10.1136/jnnp.53.9.804"
"27559458","Clinical Presentation of Cervical Myelopathy at C1-2 Level","Murahashi Y, Takebayashi T, Terashima Y, Tsuda H, Yoshimoto M, Yamashita T.","Asian Spine J. 2016 Aug;10(4):755-61. doi: 10.4184/asj.2016.10.4.755. Epub 2016 Aug 16.","Murahashi Y","Asian Spine J","2016","2016/08/26","PMC4995261","","10.4184/asj.2016.10.4.755"
"33223673","High-Pressure Normocephalus-Raised Intracranial Pressure with False Localizing Signs","Elavarasi A, Dash D, Singh PK, Tripathi M.","Ann Indian Acad Neurol. 2020 Jul-Aug;23(4):536-538. doi: 10.4103/aian.AIAN_431_18. Epub 2019 Mar 5.","Elavarasi A","Ann Indian Acad Neurol","2020","2020/11/23","PMC7657280","","10.4103/aian.AIAN_431_18"
"34877197","Idiopathic Intracranial Hypertension in a Malaysian Preschooler","Basiron SF', Tan EL, Ch'ng TW, Othman O.","Cureus. 2021 Nov 2;13(11):e19207. doi: 10.7759/cureus.19207. eCollection 2021 Nov.","Basiron SF'","Cureus","2021","2021/12/08","PMC8642153","","10.7759/cureus.19207"
"22575059","Thoracic sensory level as a false localizing sign in cervical spinal cord and brain lesions","Hellmann MA, Djaldetti R, Luckman J, Dabby R.","Clin Neurol Neurosurg. 2013 Jan;115(1):54-6. doi: 10.1016/j.clineuro.2012.04.011. Epub 2012 May 8.","Hellmann MA","Clin Neurol Neurosurg","2013","2012/05/12","","","10.1016/j.clineuro.2012.04.011"
"41804433","False Localizing Signs in High Lumbar Stenosis: L2/3 Compression Mimicking L5 Radiculopathy","De Santos M, Leach M.","Cureus. 2026 Feb 6;18(2):e103098. doi: 10.7759/cureus.103098. eCollection 2026 Feb.","De Santos M","Cureus","2026","2026/03/10","PMC12967792","","10.7759/cureus.103098"
"32821602","False Localizing Trigeminal V2 Sensory Loss in Vestibular Schwannoma","Feria AL, Akinduro OO, Rahmathulla G, Tavanaiepour D.","Cureus. 2020 Jul 18;12(7):e9256. doi: 10.7759/cureus.9256.","Feria AL","Cureus","2020","2020/08/22","PMC7431979","","10.7759/cureus.9256"
"32999238","Chest Pain and Hypertension from the Spinal Cord","Aiba Y, Sakakibara R, Tateno F.","Intern Med. 2021 Mar 1;60(5):817. doi: 10.2169/internalmedicine.5692-20. Epub 2020 Sep 30.","Aiba Y","Intern Med","2021","2020/10/01","PMC7990638","","10.2169/internalmedicine.5692-20"
"26528671","The History of the Kernohan Notch Revisited","Dammers R, Volovici V, Kompanje EJ.","Neurosurgery. 2016 Apr;78(4):581-4. doi: 10.1227/NEU.0000000000001097.","Dammers R","Neurosurgery","2016","2015/11/04","","","10.1227/NEU.0000000000001097"
"30294700","Bilateral pseudo-internuclear ophthalmoplegia in a patient with myasthenia gravis","McClard CK, Lyons LJ, Yalamanchili S.","Am J Ophthalmol Case Rep. 2018 Sep 19;12:76-78. doi: 10.1016/j.ajoc.2018.09.008. eCollection 2018 Dec.","McClard CK","Am J Ophthalmol Case Rep","2018","2018/10/09","PMC6171485","","10.1016/j.ajoc.2018.09.008"
"15070118","False localizing sign of C1-2 cerebrospinal fluid leak in spontaneous intracranial hypotension","Schievink WI, Maya MM, Tourje J.","J Neurosurg. 2004 Apr;100(4):639-44. doi: 10.3171/jns.2004.100.4.0639.","Schievink WI","J Neurosurg","2004","2004/04/09","","","10.3171/jns.2004.100.4.0639"
"21045487","Idiopathic intracranial hypertension: are false localising signs other than abducens nerve palsy acceptable?","Menon RN, Radhakrishnan K.","Neurol India. 2010 Sep-Oct;58(5):683-4. doi: 10.4103/0028-3886.72160.","Menon RN","Neurol India","2010","2010/11/04","","","10.4103/0028-3886.72160"
"39297644","Reappraisal of the Previously Described False Localizing Sign at C1-2 in Cases of Spontaneous Intracranial Hypotension","Fote G, Shahin H, Brown NJ, Falcone J, Lopez A, Kuan EC, Hsu FPK, Oh MY, Mohyeldin A.","Oper Neurosurg. 2025 Apr 1;28(4):468-477. doi: 10.1227/ons.0000000000001341. Epub 2024 Sep 19.","Fote G","Oper Neurosurg","2025","2024/09/19","","","10.1227/ons.0000000000001341"
"39911998","Kernohan-Woltman Notch Phenomenon: A Case of Paradoxical Hemiparesis","Negrão C, Silva MC, Machado M, Mourato M, Chumbo C, Tomás AR, Coutinho C, Monteiro AC, Matos C.","Cureus. 2025 Jan 6;17(1):e76987. doi: 10.7759/cureus.76987. eCollection 2025 Jan.","Negrão C","Cureus","2025","2025/02/06","PMC11795214","","10.7759/cureus.76987"
"7247159","Trochlear nerve palsy as a false localizing sign","Halpern JI, Gordon WH Jr.","Ann Ophthalmol. 1981 Jan;13(1):53-6.","Halpern JI","Ann Ophthalmol","1981","1981/01/01","","",""
"18141993","False localizing signs in cerebral tumours","TATLOW WF.","Postgrad Med J. 1949 Sep;25(287):445-8. doi: 10.1136/pgmj.25.287.445.","TATLOW WF","Postgrad Med J","1949","1949/09/01","PMC2530011","","10.1136/pgmj.25.287.445"
"15201388","Extensive radiculopathy: another false localising sign in intracranial hypertension","Moosa A, Joy MA, Kumar A.","J Neurol Neurosurg Psychiatry. 2004 Jul;75(7):1080-1.","Moosa A","J Neurol Neurosurg Psychiatry","2004","2004/06/18","PMC1739128","",""
"25883838","Pupil sparing oculomotor nerve paresis after anterior communicating artery aneurysm rupture: False localizing sign or acute microvascular ischemia?","Srinivasan A, Dhandapani S, Kumar A.","Surg Neurol Int. 2015 Mar 24;6:46. doi: 10.4103/2152-7806.153877. eCollection 2015.","Srinivasan A","Surg Neurol Int","2015","2015/04/18","PMC4392532","","10.4103/2152-7806.153877"
"12080871","Kernohan's notch phenomenon: a case study","Schedler P, Geary S.","J Neurosci Nurs. 2002 Jun;34(3):158-9. doi: 10.1097/01376517-200206000-00008.","Schedler P","J Neurosci Nurs","2002","2002/06/26","","","10.1097/01376517-200206000-00008"
"11792482","Papilledema as a 'false' localizing sign","Mariniello G, Bonavolontà G, de Divitiis E.","Clin Neurol Neurosurg. 2002 Jan;104(1):69-71. doi: 10.1016/s0303-8467(01)00185-8.","Mariniello G","Clin Neurol Neurosurg","2002","2002/01/17","","","10.1016/s0303-8467(01)00185-8"
"1619427","Seventh nerve palsy as a false localising sign","Davie C, Kennedy P, Katifi HA.","J Neurol Neurosurg Psychiatry. 1992 Jun;55(6):510-1. doi: 10.1136/jnnp.55.6.510.","Davie C","J Neurol Neurosurg Psychiatry","1992","1992/06/01","PMC1014916","","10.1136/jnnp.55.6.510"
"30200137","False localizing sign caused by schwannoma in cervical spinal canal at C1-2 level: A case report","Park JM, Kim JH.","Medicine (Baltimore). 2018 Sep;97(36):e12215. doi: 10.1097/MD.0000000000012215.","Park JM","Medicine (Baltimore)","2018","2018/09/12","PMC6133423","","10.1097/MD.0000000000012215"
"11447537","Naloxone: a potential false localizing sign","Song EK.","Am J Emerg Med. 2001 Jul;19(4):331-2. doi: 10.1053/ajem.2001.24469.","Song EK","Am J Emerg Med","2001","2001/07/12","","","10.1053/ajem.2001.24469"
"41881482","Abducens nerve palsy as a false localising sign in spontaneous intracranial hypotension","Rama Raj P, Pho H, Kopanidis P, Kok HK.","BMJ Case Rep. 2026 Mar 25;19(3):e269404. doi: 10.1136/bcr-2025-269404.","Rama Raj P","BMJ Case Rep","2026","2026/03/25","","","10.1136/bcr-2025-269404"
"37350249","Cervical cord compression with lower limb sensory disturbance: three case reports and a literature review","Gao K, Cao Y, Wu Y, Yu W, Liu W, Sun S.","J Int Med Res. 2023 Jun;51(6):3000605231178414. doi: 10.1177/03000605231178414.","Gao K","J Int Med Res","2023","2023/06/23","PMC10291409","","10.1177/03000605231178414"
"19557561","False localizing signs in traumatic brain injury","McKenna C, Fellus J, Barrett AM.","Brain Inj. 2009 Jul;23(7):597-601. doi: 10.1080/02699050902973921.","McKenna C","Brain Inj","2009","2009/06/27","PMC2938049","NIHMS229395","10.1080/02699050902973921"
"31513953","Cervical Myelopathy without Symptoms in the Upper Extremities: Incidence and Presenting Characteristics","Houten JK, Pasternack J, Norton RP.","World Neurosurg. 2019 Dec;132:e162-e168. doi: 10.1016/j.wneu.2019.08.231. Epub 2019 Sep 9.","Houten JK","World Neurosurg","2019","2019/09/13","","","10.1016/j.wneu.2019.08.231"
"3696419","Contralateral neuralgia as a false localizing sign","Ramamurthi B.","Neurosurgery. 1987 Nov;21(5):760. doi: 10.1097/00006123-198711000-00035.","Ramamurthi B","Neurosurgery","1987","1987/11/01","","","10.1097/00006123-198711000-00035"
"1744854","Bilateral internuclear ophthalmoplegia as a false localizing sign","Bakheit AM, Behan PO, Melville ID.","J R Soc Med. 1991 Oct;84(10):627. doi: 10.1177/014107689108401024.","Bakheit AM","J R Soc Med","1991","1991/10/01","PMC1295569","","10.1177/014107689108401024"
"12021944","Clinical features of the localized girdle sensation of mid-trunk (false localizing sign) appeared in cervical compressive myelopathy patients","Ochiai H, Yamakawa Y, Minato S, Nakahara K, Nakano S, Wakisaka S.","J Neurol. 2002 May;249(5):549-53. doi: 10.1007/s004150200063.","Ochiai H","J Neurol","2002","2002/05/22","","","10.1007/s004150200063"
"30363753","Muscle Contraction as a False Localizing Sign During Intraoperative Macrostimulation of Subthalamic Nucleus","Pal GD, Sani S, Verhagen L.","Mov Disord Clin Pract. 2015 Feb 24;2(1):64-65. doi: 10.1002/mdc3.12137. eCollection 2015 Mar.","Pal GD","Mov Disord Clin Pract","2015","2018/10/27","PMC6183175","","10.1002/mdc3.12137"
"8441953","Optic disc pallor: a false localizing sign","Newman NJ.","Surv Ophthalmol. 1993 Jan-Feb;37(4):273-82. doi: 10.1016/0039-6257(93)90010-5.","Newman NJ","Surv Ophthalmol","1993","1993/01/01","","","10.1016/0039-6257(93)90010-5"
"35410158","Godtfredsen syndrome - recurrent clival chondrosarcoma with 6 years follow up: a case report and literature review","Wai YZ, Chong YY, Dusa NM, Lai YP, Lim LT.","BMC Neurol. 2022 Apr 11;22(1):134. doi: 10.1186/s12883-022-02654-w.","Wai YZ","BMC Neurol","2022","2022/04/12","PMC8996403","","10.1186/s12883-022-02654-w"
"8620154","False localising signs in the spinal cord","Goddard P, Wakeley C, Cook A.","BMJ. 1996 May 4;312(7039):1160. doi: 10.1136/bmj.312.7039.1160a.","Goddard P","BMJ","1996","1996/05/04","PMC2350657","","10.1136/bmj.312.7039.1160a"
"17408851","Paradoxical fixed dilatation of the contralateral pupil as a false-localizing sign in intraparenchymal frontal hemorrhage","Chung KH, Chandran KN.","Clin Neurol Neurosurg. 2007 Jun;109(5):455-7. doi: 10.1016/j.clineuro.2007.02.002. Epub 2007 Apr 3.","Chung KH","Clin Neurol Neurosurg","2007","2007/04/06","","","10.1016/j.clineuro.2007.02.002"
"8563595","False localising signs in the spinal cord","Jamieson DR, Teasdale E, Willison HJ.","BMJ. 1996 Jan 27;312(7025):243-4. doi: 10.1136/bmj.312.7025.243.","Jamieson DR","BMJ","1996","1996/01/27","PMC2350037","","10.1136/bmj.312.7025.243"
"21716868","Marcus Gunn phenomenon with abducens palsy: As pseudo-false localizing signs","Baldia M, Premlal K, Menon B, Samson SK.","J Neurosci Rural Pract. 2011 Jan;2(1):101-2. doi: 10.4103/0976-3147.80086.","Baldia M","J Neurosci Rural Pract","2011","2011/07/01","PMC3122987","","10.4103/0976-3147.80086"
"26000183","Ruptured Arteriovenous Malformation Presenting with Kernohan's Notch","Dibble CF, Wemhoff MP, Ibrahim T, Sasaki-Adams D, Solander S, Germanwala AV.","Case Rep Neurol Med. 2015;2015:921930. doi: 10.1155/2015/921930. Epub 2015 Apr 27.","Dibble CF","Case Rep Neurol Med","2015","2015/05/23","PMC4426657","","10.1155/2015/921930"
"34521743","Wall eyed bilateral internuclear ophthalmoplegia (WEBINO) syndrome as a false localising sign in intracranial haemorrhage due to snake bite","Sinha S, Naik BB, Ghanekar J.","BMJ Case Rep. 2021 Sep 14;14(9):e244830. doi: 10.1136/bcr-2021-244830.","Sinha S","BMJ Case Rep","2021","2021/09/15","PMC8442054","","10.1136/bcr-2021-244830"
"8089685","Initial enlargement of the opposite pupil as a false localising sign in intraparenchymal frontal haemorrhage","Chen R, Sahjpaul R, Del Maestro RF, Assis L, Young GB.","J Neurol Neurosurg Psychiatry. 1994 Sep;57(9):1126-8. doi: 10.1136/jnnp.57.9.1126.","Chen R","J Neurol Neurosurg Psychiatry","1994","1994/09/01","PMC1073143","","10.1136/jnnp.57.9.1126"
"40480035","Cerebellopontine angle epidermoids presenting with contralateral symptomatology: A distinct perspective on false localising signs","Datta A, Kumar A, Srivastava AK, Bhaisora KS, Das KK, Mehrotra A, Maurya VP, Verma PK, Jaiswal AK.","J Clin Neurosci. 2025 Aug;138:111353. doi: 10.1016/j.jocn.2025.111353. Epub 2025 Jun 5.","Datta A","J Clin Neurosci","2025","2025/06/06","","","10.1016/j.jocn.2025.111353"
"3808248","Contralateral trigeminal neuralgia as a false localizing sign in intracranial tumors","Florensa R, Llovet J, Pou A, Galitó E, Vilato J, Colet S.","Neurosurgery. 1987 Jan;20(1):1-3. doi: 10.1227/00006123-198701000-00001.","Florensa R","Neurosurgery","1987","1987/01/01","","","10.1227/00006123-198701000-00001"
"11846921","Unilateral fixed dilation of the pupil as a false-localizing sign with intracranial hemorrhage: case report and literature review","Marshman LA, Polkey CE, Penney CC.","Neurosurgery. 2001 Nov;49(5):1251-5; discussion 1255-6. doi: 10.1097/00006123-200111000-00045.","Marshman LA","Neurosurgery","2001","2002/02/16","","","10.1097/00006123-200111000-00045"
"42253616","Electroacupuncture for girdle sensation following spinal cord injury as a false localizing sign: a case series","Gao Y, Su X, Yang Y, Liu Q, Jing S, Liu M.","Front Pain Res (Lausanne). 2026 May 22;7:1794414. doi: 10.3389/fpain.2026.1794414. eCollection 2026.","Gao Y","Front Pain Res (Lausanne)","2026","2026/06/08","PMC13236685","","10.3389/fpain.2026.1794414"
"20829324","Seventh nerve palsy as a false localizing sign in benign intracranial hypertension","Kearsey C, Fernando P, Benamer HT, Buch H.","J R Soc Med. 2010 Oct;103(10):412-4. doi: 10.1258/jrsm.2010.100049. Epub 2010 Sep 9.","Kearsey C","J R Soc Med","2010","2010/09/11","PMC2951170","","10.1258/jrsm.2010.100049"
"27795862","Malignant Hypertensive Retinopathy in an Infant with Mid-Aortic Occlusion","Oh LJ, Bhardwaj G, Winlaw DS, Donaldson CE.","Case Rep Ophthalmol Med. 2016;2016:8162687. doi: 10.1155/2016/8162687. Epub 2016 Oct 5.","Oh LJ","Case Rep Ophthalmol Med","2016","2016/11/01","PMC5071550","","10.1155/2016/8162687"
"31473680","Ipsilateral hemiparesis: the forgotten history of this paradoxical neurological sign","Carrasco-Moro R, Castro-Dufourny I, Martínez-San Millán JS, Cabañes-Martínez L, Pascual JM.","Neurosurg Focus. 2019 Sep 1;47(3):E7. doi: 10.3171/2019.6.FOCUS19337.","Carrasco-Moro R","Neurosurg Focus","2019","2019/09/02","","","10.3171/2019.6.FOCUS19337"
"31277063","False localizing signs of spinal CSF-venous fistulas in spontaneous intracranial hypotension: report of 2 cases","Schievink WI, Maya MM, Moser FG.","J Neurosurg Spine. 2019 Jul 5;31(5):764-767. doi: 10.3171/2019.4.SPINE19283. Print 2019 Nov 1.","Schievink WI","J Neurosurg Spine","2019","2019/07/06","","","10.3171/2019.4.SPINE19283"
"7738578","Hearing loss as a false localising sign in raised intracranial pressure","Dorman PJ, Campbell MJ, Maw AR.","J Neurol Neurosurg Psychiatry. 1995 Apr;58(4):516. doi: 10.1136/jnnp.58.4.516.","Dorman PJ","J Neurol Neurosurg Psychiatry","1995","1995/04/01","PMC1073458","","10.1136/jnnp.58.4.516"
"10199298","Intraventricular hemorrhage as a false localizing sign of a thoracolumbar arteriovenous malformation: case report","Barzó P, Vörös E, Bodosi M.","Surg Neurol. 1999 Apr;51(4):430-4. doi: 10.1016/s0090-3019(98)00044-5.","Barzó P","Surg Neurol","1999","1999/04/13","","","10.1016/s0090-3019(98)00044-5"
"39183047","[A case of numb chin syndrome caused by postcentral gyrus infarction]","Sawada N, Ueda M, Umemura T, Kamijo M, Kameyama T.","Rinsho Shinkeigaku. 2024 Sep 26;64(9):668-670. doi: 10.5692/clinicalneurol.cn-001984. Epub 2024 Aug 24.","Sawada N","Rinsho Shinkeigaku","2024","2024/08/25","","","10.5692/clinicalneurol.cn-001984"
"14315299","THE FOCAL MOTOR SEIZURES AS A FALSE LOCALIZING SIGN","BEATTY RA.","Neurology. 1965 Aug;15:752-5. doi: 10.1212/wnl.15.8.752.","BEATTY RA","Neurology","1965","1965/08/01","","","10.1212/wnl.15.8.752"
"7264699","Downbeat nystagmus--a false localising sign due to communicating hydrocephalus","Phadke JG, Hern JE, Blaiklock CT.","J Neurol Neurosurg Psychiatry. 1981 May;44(5):459. doi: 10.1136/jnnp.44.5.459.","Phadke JG","J Neurol Neurosurg Psychiatry","1981","1981/05/01","PMC490998","","10.1136/jnnp.44.5.459"
"13266850","Certain false localizing signs of intracranial tumor: report of case","DODGE HW Jr, CLARK EC, WAGENER HP, HUSTEAD AP.","Proc Staff Meet Mayo Clin. 1955 Oct 5;30(20):453-61.","DODGE HW Jr","Proc Staff Meet Mayo Clin","1955","1955/10/05","","",""
"3979415","Facial myokymia--a false localizing sign in obstructive communicating hydrocephalus. A case report","Sandyk R.","Eur Neurol. 1985;24(2):112-4. doi: 10.1159/000115770.","Sandyk R","Eur Neurol","1985","1985/01/01","","","10.1159/000115770"
"33642294","Polyradiculopathy and Multiple Cranial Nerve Palsies - Rare Manifestations of Cerebral Venous Sinus Thrombosis","Raman SP, Velayutham SS, Jeyaraj KM, Kumar MS, Mugundhan K.","Neurol India. 2021 Jan-Feb;69(1):170-173. doi: 10.4103/0028-3886.310084.","Raman SP","Neurol India","2021","2021/03/01","","","10.4103/0028-3886.310084"
"32554417","Spine MRI in Spontaneous Intracranial Hypotension for CSF Leak Detection: Nonsuperiority of Intrathecal Gadolinium to Heavily T2-Weighted Fat-Saturated Sequences","Dobrocky T, Winklehner A, Breiding PS, Grunder L, Peschi G, Häni L, Mosimann PJ, Branca M, Kaesmacher J, Mordasini P, Raabe A, Ulrich CT, Beck J, Gralla J, Piechowiak EI.","AJNR Am J Neuroradiol. 2020 Jul;41(7):1309-1315. doi: 10.3174/ajnr.A6592. Epub 2020 Jun 18.","Dobrocky T","AJNR Am J Neuroradiol","2020","2020/06/20","PMC7357665","","10.3174/ajnr.A6592"
"205315","Trigeminal false localizing signs and their causation","O'Connell JE.","Brain. 1978 Mar;101(1):119-42. doi: 10.1093/brain/101.1.119.","O'Connell JE","Brain","1978","1978/03/01","","","10.1093/brain/101.1.119"
"24348572","Kernohan's Notch: A Forgotten Cause of Hemiplegia-CT Scans Are Useful in This Diagnosis","Panikkath R, Panikkath D, Lim SY, Nugent K.","Case Rep Med. 2013;2013:296874. doi: 10.1155/2013/296874. Epub 2013 Nov 20.","Panikkath R","Case Rep Med","2013","2013/12/19","PMC3853108","","10.1155/2013/296874"
"28883251","Ossification of the Posterior Atlantoaxial Membrane: An Atypical Presentation","Ueno T, Nishijima H, Ito J, Tomiyama M.","Intern Med. 2017 Oct 1;56(19):2689-2690. doi: 10.2169/internalmedicine.8827-17. Epub 2017 Sep 6.","Ueno T","Intern Med","2017","2017/09/09","PMC5658545","","10.2169/internalmedicine.8827-17"
"6709162","Contralateral trigeminal nerve dysfunction as a false localizing sign in acoustic neuroma: a clinical and electrophysiological study","Koenig M, Kalyan-Raman K, Sureka ON.","Neurosurgery. 1984 Mar;14(3):335-7. doi: 10.1227/00006123-198403000-00014.","Koenig M","Neurosurgery","1984","1984/03/01","","","10.1227/00006123-198403000-00014"
"21874138","Lower cranial nerve palsy, aseptic meningitis and hydrocephalus: unusual presentation of primary antiphospholipid syndrome","Wani AM, Hussain WM, Fatani MI, Qadmani A, Maimani GA, Turkistani A, Dairi KS, Abumatar A, Bafaraj MG.","BMJ Case Rep. 2009;2009:bcr06.2009.2013. doi: 10.1136/bcr.06.2009.2013. Epub 2009 Aug 28.","Wani AM","BMJ Case Rep","2009","2011/08/30","PMC3029531","","10.1136/bcr.06.2009.2013"
"19987409","Case of False Localizing Signs in Cerebral Tumour: Endothelioma of Left Sylvian Region revealed by Ventriculography","Broster LR.","Proc R Soc Med. 1930 Feb;23(4):552. doi: 10.1177/003591573002300493.","Broster LR","Proc R Soc Med","1930","2009/12/09","PMC2182994","","10.1177/003591573002300493"
"3508676","Spinal and radicular pain in pseudotumor cerebri","Murray RS, Tait VF, Thompson JA.","Pediatr Neurol. 1986 Mar-Apr;2(2):106-7. doi: 10.1016/0887-8994(86)90066-4.","Murray RS","Pediatr Neurol","1986","1986/03/01","","","10.1016/0887-8994(86)90066-4"
"24684337","From the notch to a glioma grading system: the neurological contributions of James Watson Kernohan","Safavi-Abbasi S, Maurer AJ, Archer JB, Hanel RA, Sughrue ME, Theodore N, Preul MC.","Neurosurg Focus. 2014 Apr;36(4):E4. doi: 10.3171/2014.1.FOCUS13575.","Safavi-Abbasi S","Neurosurg Focus","2014","2014/04/02","","","10.3171/2014.1.FOCUS13575"
"6182481","[Posterior fossa meningioma with special reference to false localizing sign]","Nagahiro S, Matsukado Y, Uemura S.","Neurol Med Chir (Tokyo). 1982 Jun;22(6):421-8. doi: 10.2176/nmc.22.421.","Nagahiro S","Neurol Med Chir (Tokyo)","1982","1982/06/01","","","10.2176/nmc.22.421"
"18207526","Case report: spontaneous intracranial hypotension in association with the presence of a false localizing C1-C2 cerebrospinal fluid leak","Morgan JT, Scumpia AJ, Johnson AA, Schneider SJ.","Surg Neurol. 2008 Nov;70(5):539-43; discussion 543-4. doi: 10.1016/j.surneu.2007.05.037. Epub 2008 Jan 18.","Morgan JT","Surg Neurol","2008","2008/01/22","","","10.1016/j.surneu.2007.05.037"
"4543625","Multiple false localizing signs in intracranial tumor. Case report","Turnbull AR.","J Neurosurg. 1974 Feb;40(2):264-6. doi: 10.3171/jns.1974.40.2.0264.","Turnbull AR","J Neurosurg","1974","1974/02/01","","","10.3171/jns.1974.40.2.0264"
"38111373","Malignant spinal cord compression: Atypical presentation, false localizing signs, time course, and implications for the emergency physician","Georgiou A, Farmer A, Georgiou L, Walker B.","Acad Emerg Med. 2024 Jul;31(7):710-712. doi: 10.1111/acem.14855. Epub 2024 Feb 9.","Georgiou A","Acad Emerg Med","2024","2023/12/19","","","10.1111/acem.14855"
"20619745","Ophthalmic segment aneurysmal subarachnoid hemorrhage presenting with contralateral abducens nerve palsy: a false localizing sign","Furtado SV, Mohan D, Hegde AS.","Optometry. 2010 Sep;81(9):450-3. doi: 10.1016/j.optm.2010.03.008.","Furtado SV","Optometry","2010","2010/07/13","","","10.1016/j.optm.2010.03.008"
"25449936","The diagnostic yield of neuroimaging in sixth nerve palsy--Sankara Nethralaya Abducens Palsy Study (SNAPS): Report 1","Nair AG, Ambika S, Noronha VO, Gandhi RA.","Indian J Ophthalmol. 2014 Oct;62(10):1008-12. doi: 10.4103/0301-4738.146000.","Nair AG","Indian J Ophthalmol","2014","2014/12/03","PMC4278111","","10.4103/0301-4738.146000"
"9674034","[Dorsal sensory level as a false localizing sign in cervical myelopathy]","Pego-Reigosa R, Trobajo de las Matas JE, Brañas F, Martínez-Vázquez F, Cortés-Laíño JA.","Rev Neurol. 1998 Jul;27(155):86-8.","Pego-Reigosa R","Rev Neurol","1998","1998/07/23","","",""
"10367329","Ependymoma of the fourth ventricle presenting with hemifacial spasm. Report of a case","Rapanà A, Guida F, Conti C, Rizzo G, Trincia G.","Rev Neurol (Paris). 1999 Apr;155(4):309-11.","Rapanà A","Rev Neurol (Paris)","1999","1999/06/15","","",""
"2636799","Contralateral trigeminal neuralgia as a false localizing sign in calcified chronic subdural hematoma: a case report","Kondoh T, Tamaki N, Takeda N, Shirataki K, Mastumoto S.","Surg Neurol. 1989 Dec;32(6):471-5. doi: 10.1016/0090-3019(89)90014-1.","Kondoh T","Surg Neurol","1989","1989/12/01","","","10.1016/0090-3019(89)90014-1"
"17297277","Ruptured anterior communicating artery aneurysm causing bilateral oculomotor nerve palsy: a case report","Kang SD.","J Korean Med Sci. 2007 Feb;22(1):173-6. doi: 10.3346/jkms.2007.22.1.173.","Kang SD","J Korean Med Sci","2007","2007/02/14","PMC2693562","","10.3346/jkms.2007.22.1.173"
"2770966","[Trigeminal nerve dysfunction as a false localizing sign: a case of the choroid plexus papilloma in the IVth ventricle]","Nishizawa S, Ninchoji T, Uemura K, Ryu H, Yokoyama T, Simoyama I, Sugiura Y, Takahashi H.","No Shinkei Geka. 1989 Mar;17(3):273-7.","Nishizawa S","No Shinkei Geka","1989","1989/03/01","","",""
"13703848","False localizing signs. A review of the concept and analysis of the occurrence in 250 cases of intracranial meningioma","GASSEL MM.","Arch Neurol. 1961 May;4:526-54. doi: 10.1001/archneur.1961.00450110056007.","GASSEL MM","Arch Neurol","1961","1961/05/01","","","10.1001/archneur.1961.00450110056007"
"8837794","False localizing signs in upper cervical spinal cord compression","Sonstein WJ, LaSala PA, Michelsen WJ, Onesti ST.","Neurosurgery. 1996 Mar;38(3):445-8; discussion 448-9. doi: 10.1097/00006123-199603000-00004.","Sonstein WJ","Neurosurgery","1996","1996/03/01","","","10.1097/00006123-199603000-00004"
"7477786","Concurrent trigeminal, abducens, and facial nerve palsies presenting as false localizing signs: case report","Ro LS, Chen ST, Tang LM, Wei KC.","Neurosurgery. 1995 Aug;37(2):322-4; discussion 324-5.","Ro LS","Neurosurgery","1995","1995/08/01","","",""
"41818115","A Case of Drowning with Acute Kidney Injury and Raised Intracranial Tension","Yamuna M, Geetha T, Shiva NK, Dinesh S.","J Assoc Physicians India. 2026 Mar;74(3):23-26. doi: 10.59556/japi.74.1393.","Yamuna M","J Assoc Physicians India","2026","2026/03/12","","","10.59556/japi.74.1393"
"14770616","""False"" localizing signs in intracranial tumor; report of a patient with left trigeminal palsy due to right temporal meningioma","EHNI G.","AMA Arch Neurol Psychiatry. 1950 Nov;64(5):692-8.","EHNI G","AMA Arch Neurol Psychiatry","1950","1950/11/01","","",""
"29576903","Ruptured posterior cerebral artery aneurysm presenting with a contralateral cranial nerve III palsy: A case report","Chaudhry NS, Brunozzi D, Shakur SF, Charbel FT, Alaraj A.","Surg Neurol Int. 2018 Mar 1;9:52. doi: 10.4103/sni.sni_430_17. eCollection 2018.","Chaudhry NS","Surg Neurol Int","2018","2018/03/27","PMC5858053","","10.4103/sni.sni_430_17"
"2795052","Trigeminal neuralgia associated with contralateral intracranial tumour: a false localising sign caused by vascular compression? Report of two cases","Michelucci R, Tassinari CA, Plasmati R, Rubboli G, Forti A, Tognetti F, Calbucci F.","J Neurol Neurosurg Psychiatry. 1989 Oct;52(10):1202-3. doi: 10.1136/jnnp.52.10.1202.","Michelucci R","J Neurol Neurosurg Psychiatry","1989","1989/10/01","PMC1031712","","10.1136/jnnp.52.10.1202"
"35079545","Transverse-sigmoid Sinus Dural Arteriovenous Fistula Presenting with False Localizing Signs of Cavernous Sinus Dural Arteriovenous Fistula Due to Obstructed Cerebral Venous Outflow into the Bilateral Superior Ophthalmic Veins: A Case Report","Nariai Y, Takigawa T, Hyodo A, Suzuki K.","NMC Case Rep J. 2021 Nov 2;8(1):761-766. doi: 10.2176/nmccrj.cr.2021-0243. eCollection 2021.","Nariai Y","NMC Case Rep J","2021","2022/01/26","PMC8769438","","10.2176/nmccrj.cr.2021-0243"
"24057282","Wrist drop and muscle weakness of the fingers induced by an upper cervical spine anomaly","Tsunoda D, Iizuka H, Iizuka Y, Nishinome M, Takagishi K.","Eur Spine J. 2014 May;23 Suppl 2:218-21. doi: 10.1007/s00586-013-3038-4. Epub 2013 Sep 23.","Tsunoda D","Eur Spine J","2014","2013/09/24","","","10.1007/s00586-013-3038-4"
"8971849","False localizing signs in upper cervical spinal cord compression","Rafael H.","Neurosurgery. 1997 Jan;40(1):217-8. doi: 10.1097/00006123-199701000-00053.","Rafael H","Neurosurgery","1997","1997/01/01","","","10.1097/00006123-199701000-00053"
"1219088","Multiple crossed false localizing signs in a posterior fossa tumour","Maurice-Williams RS.","J Neurol Neurosurg Psychiatry. 1975 Dec;38(12):1232-4. doi: 10.1136/jnnp.38.12.1232.","Maurice-Williams RS","J Neurol Neurosurg Psychiatry","1975","1975/12/01","PMC492193","","10.1136/jnnp.38.12.1232"
"22689848","Eye twist and tongue twist: a rare neurological syndrome","Thapa L, Paudel R, Chhetri P, Rana PV.","BMJ Case Rep. 2011 Jul 28;2011:bcr0620114366. doi: 10.1136/bcr.06.2011.4366.","Thapa L","BMJ Case Rep","2011","2012/06/13","PMC3149429","","10.1136/bcr.06.2011.4366"
"19558290","Spontaneous spinal epidural hematoma inducing acute anterior spinal cord syndrome","Kunizawa A, Fujioka M, Suzuki S, Ryu T, Asai A, Kawamoto K, Kitazawa Y.","J Neurosurg Spine. 2009 Jun;10(6):574-7. doi: 10.3171/2009.2.SPINE08342.","Kunizawa A","J Neurosurg Spine","2009","2009/06/30","","","10.3171/2009.2.SPINE08342"
"3273514","[Paralysis of the vertical gaze caused by a hematoma of the caudate nucleus. A false localizing sign]","López de Munain A, Martí Massó JF, Carrera N, Urtasún M, Blanco A.","Neurologia. 1988 May-Jun;3(3):116-9.","López de Munain A","Neurologia","1988","1988/05/01","","",""
"18976053","Emergency suboccipital decompression for respiratory arrest during supratentorial surgery: the untold story of a surgeon's courage in times of despair","Shelton BA, O'Hara E, Tubbs RS, Shoja MM, Barker FG, Cohen-Gadol AA.","J Neurosurg. 2009 Feb;110(2):391-4. doi: 10.3171/2008.8.JNS08773.","Shelton BA","J Neurosurg","2009","2008/11/04","","","10.3171/2008.8.JNS08773"
"2942571","Presentation of pinealoblastoma with ocular dipping and deafness","Toshniwal P, Yadava R, Goldbarg H.","J Clin Neuroophthalmol. 1986 Jun;6(2):128-36.","Toshniwal P","J Clin Neuroophthalmol","1986","1986/06/01","","",""
"7058704","Relation of false localizing signs and remote hyperaemia in patients with intracranial mass lesions","Gelmers HJ, Beks JW.","Acta Neurochir (Wien). 1982;60(1-2):81-9. doi: 10.1007/BF01401753.","Gelmers HJ","Acta Neurochir (Wien)","1982","1982/01/01","","","10.1007/BF01401753"
"17667777","Facial palsy and fallopian canal expansion associated with idiopathic intracranial hypertension","Brackmann DE, Doherty JK.","Otol Neurotol. 2007 Aug;28(5):715-8. doi: 10.1097/01.mao.0000281801.51821.27.","Brackmann DE","Otol Neurotol","2007","2007/08/02","","","10.1097/01.mao.0000281801.51821.27"
"8413812","[Venous thrombosis after closed head injury: a report of two cases presenting as intracranial hypertension]","Satoh H, Uozumi T, Kiya K, Arita K, Kurisu K, Sumida M, Ikawa F.","No Shinkei Geka. 1993 Oct;21(10):953-7.","Satoh H","No Shinkei Geka","1993","1993/10/01","","",""
"8847575","Trigeminal neuralgia and hemifacial spasm as false localizing signs in patients with a contralateral mass of the posterior cranial fossa. Report of three cases","Matsuura N, Kondo A.","J Neurosurg. 1996 Jun;84(6):1067-71. doi: 10.3171/jns.1996.84.6.1067.","Matsuura N","J Neurosurg","1996","1996/06/01","","","10.3171/jns.1996.84.6.1067"
"10390175","Persistent trigeminal neuralgia after removal of contralateral posterior cranial fossa tumor. Report of two cases","Grigoryan YA, Onopchenko CV.","Surg Neurol. 1999 Jul;52(1):56-60; discussion 60-1. doi: 10.1016/s0090-3019(99)00050-6.","Grigoryan YA","Surg Neurol","1999","1999/07/02","","","10.1016/s0090-3019(99)00050-6"
"4414886","Ocular motor disturbances occurring as false localizing signs in ruptured intracranial aneurysms","Suzuki J, Iwabuchi T.","Acta Neurochir (Wien). 1974;30(1-2):119-28. doi: 10.1007/BF01405760.","Suzuki J","Acta Neurochir (Wien)","1974","1974/01/01","","","10.1007/BF01405760"
"28144490","Application of time-spatial labeling inversion pulse magnetic resonance imaging in the diagnosis of spontaneous intracranial hypotension due to high-flow cerebrospinal fluid leakage at C1-2","Hattori N, Inamasu J, Nakae S, Hirose Y, Murayama K.","Surg Neurol Int. 2016 Dec 26;7(Suppl 42):S1085-S1088. doi: 10.4103/2152-7806.196765. eCollection 2016.","Hattori N","Surg Neurol Int","2016","2017/02/02","PMC5234307","","10.4103/2152-7806.196765"
"23960062","Bilateral Morgagni hernia: operative discovery of appendix lying on superior pulmonary vein","Lammy S, Stewart M, Carnochan FM, Walker WS.","Scott Med J. 2013 Aug;58(3):e1-3. doi: 10.1177/0036933013496917.","Lammy S","Scott Med J","2013","2013/08/21","","","10.1177/0036933013496917"
"9760974","Symptomatic leptomeningeal metastases preceding other manifestations of occult primary brain tumors","Corbett JJ, Newman NM.","Surg Neurol. 1981 May;15(5):362-7. doi: 10.1016/0090-3019(81)90171-3.","Corbett JJ","Surg Neurol","1981","1981/05/01","","","10.1016/0090-3019(81)90171-3"
"4000365","[Trigeminal involvement and peripheral facial paralysis caused by Arnold-Chiari malformation with hydrocephalus]","Uldry PA, Fankhauser H, de Tribolet N.","Neurochirurgie. 1985;31(1):73-5.","Uldry PA","Neurochirurgie","1985","1985/01/01","","",""
"724079","[Lateral ventricle tumors (Part 1)--clinical manifestations on 30 cases (author's transl)]","Kitaoka K, Tashiro K, Sato M, Abe H, Tsuru M.","No Shinkei Geka. 1978 Aug;6(8):757-65.","Kitaoka K","No Shinkei Geka","1978","1978/08/01","","",""
"9198099","[Magnetic resonance imaging of Kernohan's notch in chronic subdural hematoma]","Yamasaki F, Kodama Y, Hotta T, Yuki K, Taniguchi E, Hashizume A.","No To Shinkei. 1997 Jun;49(6):563-6.","Yamasaki F","No To Shinkei","1997","1997/06/01","","",""
