Source,Target,Weight
Brain Neoplasms,"Tomography, X-Ray Computed",3
Papilledema,"Tomography, X-Ray Computed",3
Paresis,"Tomography, X-Ray Computed",2
Brain Diseases,Neurology,2
False localizing sign,Spinal Cord,3
False localizing sign,Muscle Weakness,2
Brain Diseases,Brain Neoplasms,2
Brain Diseases,False Positive Reactions,3
Brain Diseases,False localizing sign,2
Brain Diseases,Kernohan-Woltman notch phenomenon,2
Brain Diseases,Paresis,2
Brain Diseases,"Tomography, X-Ray Computed",2
Brain Neoplasms,False Positive Reactions,2
False Positive Reactions,"Tomography, X-Ray Computed",2
False localizing sign,Kernohan-Woltman notch phenomenon,8
False localizing sign,Paresis,4
Kernohan-Woltman notch phenomenon,Paresis,5
Neuroimaging,"Tomography, X-Ray Computed",2
Brain herniation,Cerebral Peduncle,2
Brain herniation,False localizing sign,5
Brain herniation,Ipsilateral hemiparesis,3
Brain herniation,Kernohan-Woltman notch phenomenon,6
Brain herniation,Magnetic Resonance Imaging,3
Brain herniation,Paradoxical hemiparesis,2
Brain herniation,Paresis,3
Cerebral Peduncle,False localizing sign,3
Cerebral Peduncle,Ipsilateral hemiparesis,2
Cerebral Peduncle,Kernohan-Woltman notch phenomenon,3
Cerebral Peduncle,Magnetic Resonance Imaging,2
Cerebral Peduncle,Paresis,2
False localizing sign,Ipsilateral hemiparesis,3
False localizing sign,Magnetic Resonance Imaging,5
False localizing sign,Paradoxical hemiparesis,3
False localizing sign,Retrospective Studies,3
Ipsilateral hemiparesis,Kernohan-Woltman notch phenomenon,5
Ipsilateral hemiparesis,Magnetic Resonance Imaging,2
Ipsilateral hemiparesis,Paradoxical hemiparesis,2
Ipsilateral hemiparesis,Paresis,4
Kernohan-Woltman notch phenomenon,Magnetic Resonance Imaging,3
Kernohan-Woltman notch phenomenon,Paradoxical hemiparesis,4
Magnetic Resonance Imaging,Paresis,2
Magnetic Resonance Imaging,Retrospective Studies,4
Paradoxical hemiparesis,Paresis,2
Brain herniation,Meningioma,2
False localizing sign,Meningioma,2
"History, 19th Century","History, 20th Century",4
"History, 19th Century",Ipsilateral hemiparesis,2
"History, 19th Century",Kernohan-Woltman notch phenomenon,2
"History, 19th Century",Paresis,2
"History, 20th Century",Ipsilateral hemiparesis,2
"History, 20th Century",Kernohan-Woltman notch phenomenon,2
"History, 20th Century",Paresis,2
Kernohan-Woltman notch phenomenon,Meningioma,2
Brain,Brain herniation,2
Brain,Encephalocele,2
Brain,Kernohan-Woltman notch phenomenon,2
Brain,Magnetic Resonance Imaging,4
Encephalocele,Magnetic Resonance Imaging,2
"Diagnosis, Differential",Hydrocephalus,2
"Diagnosis, Differential",Ophthalmoplegia,2
"Diagnosis, Differential",Syndrome,2
Ophthalmoplegia,Syndrome,3
Cervical Vertebrae,Intracranial Hypotension,4
Cervical Vertebrae,Magnetic Resonance Imaging,7
Cervical Vertebrae,Myelography,2
Cervical Vertebrae,Subdural Effusion,3
Cervical Vertebrae,"Tomography, X-Ray Computed",2
Intracranial Hypotension,Magnetic Resonance Imaging,3
Intracranial Hypotension,Myelography,4
Intracranial Hypotension,Subdural Effusion,3
Intracranial Hypotension,"Tomography, X-Ray Computed",2
Magnetic Resonance Imaging,Myelography,2
Magnetic Resonance Imaging,"Tomography, X-Ray Computed",3
Myelography,Subdural Effusion,2
Myelography,"Tomography, X-Ray Computed",2
Subdural Effusion,"Tomography, X-Ray Computed",2
Cerebral Infarction,"Diagnosis, Differential",2
Cerebral Infarction,Hemiplegia,2
Cerebral Infarction,Intracranial Aneurysm,2
Cerebral Infarction,Magnetic Resonance Imaging,2
"Diagnosis, Differential",Hemiplegia,2
"Diagnosis, Differential",Intracranial Aneurysm,3
"Diagnosis, Differential",Magnetic Resonance Imaging,7
Hemiplegia,Intracranial Aneurysm,2
Hemiplegia,Magnetic Resonance Imaging,2
Intracranial Aneurysm,Magnetic Resonance Imaging,2
False localizing sign,Myelopathy,2
"Aged, 80 and over",Magnetic Resonance Imaging,2
"Aged, 80 and over",Spinal Cord,2
Cervical Vertebrae,Intervertebral Disc Displacement,3
Cervical Vertebrae,Spinal Cord,3
Cervical Vertebrae,Spinal Cord Compression,6
Intervertebral Disc Displacement,Magnetic Resonance Imaging,3
Intervertebral Disc Displacement,Spinal Cord,2
Intervertebral Disc Displacement,Spinal Cord Compression,2
Magnetic Resonance Imaging,Spinal Cord,4
Magnetic Resonance Imaging,Spinal Cord Compression,8
Spinal Cord,Spinal Cord Compression,3
"History, 20th Century",Neurology,2
"History, 20th Century",Neurosurgery,4
Neurology,Neurosurgery,2
Neurology,Syndrome,2
Intracranial Hypotension,Intracranial Pressure,2
"Blood Patch, Epidural",Cervical Vertebrae,2
"Blood Patch, Epidural",Intracranial Hypotension,3
Cerebrospinal Fluid Leak,Intracranial Hypotension,8
Papilledema,Pseudotumor Cerebri,3
Pseudotumor Cerebri,"Tomography, X-Ray Computed",2
Brain,Brain Neoplasms,2
Brain,Physical Examination,2
Brain Neoplasms,Physical Examination,3
"Diagnosis, Differential",Spinal Cord Compression,4
Craniotomy,Functional Laterality,2
Meningeal Neoplasms,Meningioma,5
Neurologic Examination,"Tomography, X-Ray Computed",2
Cervical Vertebrae,Pain,2
Abducens Nerve Diseases,"Diagnosis, Differential",3
Abducens Nerve Diseases,Diplopia,2
Abducens Nerve Diseases,Magnetic Resonance Imaging,4
Abducens Nerve Diseases,Neuroimaging,2
"Diagnosis, Differential",Diplopia,3
"Diagnosis, Differential",Neuroimaging,2
Diplopia,Magnetic Resonance Imaging,3
Headache,Intracranial Hypotension,3
Magnetic Resonance Imaging,Neuroimaging,2
False localizing sign,Spinal Cord Compression,2
Cervical Vertebrae,"Decompression, Surgical",2
Cervical Vertebrae,Muscle Weakness,2
Cervical Vertebrae,Neurologic Examination,2
"Decompression, Surgical",Magnetic Resonance Imaging,2
"Decompression, Surgical",Muscle Weakness,2
"Decompression, Surgical",Spinal Cord Compression,2
Magnetic Resonance Imaging,Muscle Weakness,2
Magnetic Resonance Imaging,Neurologic Examination,2
Muscle Weakness,Spinal Cord Compression,2
Neurologic Examination,Spinal Cord Compression,2
Retrospective Studies,Spinal Cord,2
Brain Neoplasms,Brain Stem,2
Brain Neoplasms,Trigeminal Nerve,3
Brain Neoplasms,Trigeminal Neuralgia,4
Brain Stem,Trigeminal Nerve,2
Brain Stem,Trigeminal Neuralgia,2
"Dominance, Cerebral",Trigeminal Nerve,2
Cervical Vertebrae,"Diagnosis, Differential",2
"Diagnosis, Differential",Spinal Cord,2
Abducens Nerve Diseases,"Cranial Fossa, Posterior",2
Abducens Nerve Diseases,Syndrome,2
"Cranial Fossa, Posterior",Syndrome,2
"Diagnosis, Differential","Dominance, Cerebral",3
"Diagnosis, Differential",Neurologic Examination,3
"Diagnosis, Differential","Tomography, X-Ray Computed",7
"Dominance, Cerebral",Neurologic Examination,2
"Dominance, Cerebral","Tomography, X-Ray Computed",2
Frontal Lobe,"Tomography, X-Ray Computed",2
Cerebral Hemorrhage,"Tomography, X-Ray Computed",3
Functional Laterality,"Tomography, X-Ray Computed",2
Brain Diseases,Trigeminal Neuralgia,2
Brain Neoplasms,"Diagnosis, Differential",2
Brain Neoplasms,Meningioma,6
Meningioma,Trigeminal Neuralgia,3
"Tomography, X-Ray Computed",Trigeminal Neuralgia,3
Brain,Hemiplegia,2
Cerebral Hemorrhage,"Diagnosis, Differential",2
Intracranial Aneurysm,"Tomography, X-Ray Computed",2
"Diagnosis, Differential",Facial Paralysis,4
"Diagnosis, Differential",Pseudotumor Cerebri,2
Facial Paralysis,Pseudotumor Cerebri,2
"History, 19th Century",Neurosurgery,3
Cerebrospinal Fluid Leak,Headache,2
Magnetic Resonance Imaging,Syndrome,2
Brain Neoplasms,Meningeal Neoplasms,4
Hydrocephalus,"Tomography, X-Ray Computed",2
Intracranial Aneurysm,"Rupture, Spontaneous",3
Intracranial Hypertension,Papilledema,2
Cerebrospinal Fluid Leak,Myelography,2
Brain Neoplasms,"Cranial Fossa, Posterior",3
"Cranial Fossa, Posterior",Functional Laterality,2
"Cranial Fossa, Posterior",Trigeminal Nerve,2
Facial Paralysis,"Neuroma, Acoustic",2
"Neuroma, Acoustic",Trigeminal Neuralgia,2
Brain Neoplasms,"History, 19th Century",2
Brain Neoplasms,"History, 20th Century",2
Brain Neoplasms,Neurosurgery,2
"Cranial Fossa, Posterior",Meningioma,2
"Diagnosis, Differential",Trigeminal Nerve,2
Facial Paralysis,Trigeminal Nerve,3
Paralysis,Trigeminal Nerve,2
Abducens Nerve Diseases,"Tomography, X-Ray Computed",2
"Diagnosis, Differential",Follow-Up Studies,2
"Diagnosis, Differential",Retrospective Studies,2
Follow-Up Studies,"Tomography, X-Ray Computed",2
Brain Neoplasms,Magnetic Resonance Imaging,2
Radiography,Trigeminal Neuralgia,2
Brain Neoplasms,Paralysis,2
Meningioma,Paralysis,2
"Cranial Fossa, Posterior",Magnetic Resonance Imaging,2
"Cranial Fossa, Posterior","Tomography, X-Ray Computed",2
"Nystagmus, Pathologic",Ophthalmoplegia,2
"Cranial Fossa, Posterior",Trigeminal Neuralgia,2
False localizing sign,Hemiparesis,3
False localizing sign,Ipsilateral,3
Hemiparesis,Ipsilateral,3
Hemiparesis,Kernohan-Woltman notch phenomenon,3
Ipsilateral,Kernohan-Woltman notch phenomenon,3
Brain herniation,Hemiparesis,2
Brain herniation,Ipsilateral,2
